Date,Rented Bike Count,Hour,Temperature,Humidity,Wind speed,Visibility,Solar Radiation,Rainfall,Snowfall,Seasons,Holiday,Functioning Day
2025-01-01,878,4,6.6,95,6.2,1252,3.47,0.0,0.0,Winter,No Holiday,Yes
2025-01-02,0,11,4.6,90,5.5,1237,1.1,0.0,0.0,Winter,Holiday,No
2025-01-03,807,10,7.9,83,4.6,1195,3.23,0.0,0.0,Winter,No Holiday,Yes
2025-01-04,482,11,4.3,75,2.8,1722,1.52,0.9,0.0,Winter,No Holiday,Yes
2025-01-05,351,21,2.0,67,0.7,1644,0.73,0.0,0.0,Winter,No Holiday,Yes
2025-01-06,417,8,7.4,61,7.0,1687,0.16,0.0,0.0,Winter,No Holiday,Yes
2025-01-07,199,12,-3.5,86,6.9,348,0.75,0.0,1.1,Winter,No Holiday,Yes
2025-01-08,564,7,-9.9,21,7.5,1117,2.88,0.0,0.0,Winter,No Holiday,Yes
2025-01-09,584,5,-0.9,63,6.2,1927,1.75,0.0,0.0,Winter,No Holiday,Yes
2025-01-10,368,15,-0.9,78,4.8,1538,0.34,0.8,0.3,Winter,No Holiday,Yes
2025-01-11,715,14,-2.9,34,5.2,1270,2.54,0.0,0.0,Winter,No Holiday,Yes
2025-01-12,754,21,-7.8,53,3.1,1390,3.43,0.0,1.2,Winter,No Holiday,Yes
2025-01-13,142,6,-6.2,89,0.8,1697,0.89,0.0,0.7,Winter,No Holiday,Yes
2025-01-14,0,17,-2.6,59,7.3,608,3.47,0.4,1.1,Winter,Holiday,No
2025-01-15,265,1,-8.3,69,5.3,593,1.33,0.0,0.0,Winter,No Holiday,Yes
2025-01-16,616,14,-8.4,56,7.3,1210,3.32,0.0,0.0,Winter,No Holiday,Yes
2025-01-17,547,11,2.9,87,3.4,1672,2.26,0.0,0.0,Winter,No Holiday,Yes
2025-01-18,923,14,4.0,55,5.7,1690,2.4,0.0,0.0,Winter,No Holiday,Yes
2025-01-19,818,8,5.2,56,1.2,1318,2.3,0.0,0.0,Winter,No Holiday,Yes
2025-01-20,414,15,-8.2,86,2.6,559,2.15,0.0,0.0,Winter,No Holiday,Yes
2025-01-21,456,7,4.8,73,2.0,675,0.57,0.0,0.0,Winter,No Holiday,Yes
2025-01-22,121,12,-7.3,60,5.0,1920,0.56,0.0,0.0,Winter,No Holiday,Yes
2025-01-23,373,2,-8.2,54,0.5,1092,1.21,0.0,0.0,Winter,No Holiday,Yes
2025-01-24,658,1,5.0,78,4.2,1011,2.71,0.0,0.0,Winter,No Holiday,Yes
2025-01-25,358,2,-6.6,38,3.2,1456,0.96,0.0,0.0,Winter,No Holiday,Yes
2025-01-26,613,3,-9.1,24,2.3,1407,2.05,0.0,0.0,Winter,No Holiday,Yes
2025-01-27,362,4,-1.2,75,7.2,732,0.05,0.0,0.0,Winter,No Holiday,Yes
2025-01-28,333,23,-7.9,83,7.1,777,1.12,0.0,0.0,Winter,No Holiday,Yes
2025-01-29,429,7,1.5,45,4.0,1497,0.76,0.0,0.0,Winter,No Holiday,Yes
2025-01-30,545,22,-5.3,28,5.4,1249,1.17,0.0,1.3,Winter,No Holiday,Yes
2025-01-31,493,20,2.5,64,5.1,777,0.57,0.0,0.0,Winter,No Holiday,Yes
2025-02-01,586,6,5.2,41,6.9,1113,0.62,0.0,0.0,Winter,No Holiday,Yes
2025-02-02,386,7,-3.7,95,7.2,841,1.8,0.1,0.0,Winter,No Holiday,Yes
2025-02-03,589,17,-7.1,95,2.1,1466,2.83,0.0,0.0,Winter,No Holiday,Yes
2025-02-04,606,15,-8.4,65,3.9,721,3.05,0.0,0.0,Winter,No Holiday,Yes
2025-02-05,733,18,7.5,64,5.3,658,1.92,0.0,0.0,Winter,No Holiday,Yes
2025-02-06,417,19,4.5,85,3.4,1463,0.75,0.0,0.0,Winter,No Holiday,Yes
2025-02-07,366,14,-1.3,82,5.1,1106,1.55,0.0,0.0,Winter,No Holiday,Yes
2025-02-08,402,16,-3.7,87,0.8,989,2.32,0.2,0.0,Winter,No Holiday,Yes
2025-02-09,760,11,-5.2,25,6.3,1006,2.52,0.0,0.0,Winter,No Holiday,Yes
2025-02-10,625,19,0.4,69,7.1,681,2.9,0.0,0.0,Winter,No Holiday,Yes
2025-02-11,1042,5,4.7,32,4.0,1325,3.17,0.0,0.0,Winter,No Holiday,Yes
2025-02-12,213,7,-7.3,47,1.5,1820,0.75,0.0,0.0,Winter,No Holiday,Yes
2025-02-13,592,15,5.9,82,7.4,1872,1.11,0.0,0.0,Winter,No Holiday,Yes
2025-02-14,389,8,-4.1,66,6.6,1663,1.43,0.0,0.0,Winter,No Holiday,Yes
2025-02-15,471,15,-1.9,27,7.1,705,0.11,0.0,0.0,Winter,No Holiday,Yes
2025-02-16,754,17,6.6,80,4.8,1682,1.79,0.0,0.0,Winter,No Holiday,Yes
2025-02-17,298,0,-8.8,51,2.1,1997,1.12,0.0,0.0,Winter,No Holiday,Yes
2025-02-18,543,1,1.9,23,1.4,1098,0.69,0.4,0.0,Winter,No Holiday,Yes
2025-02-19,569,6,4.6,58,0.6,1323,1.12,0.0,0.0,Winter,No Holiday,Yes
2025-02-20,286,17,-1.0,82,1.9,1794,0.02,0.0,0.3,Winter,No Holiday,Yes
2025-02-21,781,19,4.1,70,5.8,527,1.97,0.0,0.0,Winter,No Holiday,Yes
2025-02-22,645,18,-6.9,38,4.8,958,2.39,0.0,1.4,Winter,No Holiday,Yes
2025-02-23,187,13,-9.7,82,1.4,701,1.83,0.0,0.0,Winter,No Holiday,Yes
2025-02-24,410,5,1.8,56,0.7,350,0.13,0.0,0.0,Winter,No Holiday,Yes
2025-02-25,804,4,7.0,93,1.2,1919,1.77,0.0,0.0,Winter,No Holiday,Yes
2025-02-26,509,13,-5.5,20,4.7,1197,2.51,0.4,0.8,Winter,Holiday,Yes
2025-02-27,475,18,-1.7,88,4.0,1561,1.5,0.2,0.0,Winter,No Holiday,Yes
2025-02-28,569,12,-0.1,92,6.5,666,2.46,0.0,1.8,Winter,No Holiday,Yes
2025-03-01,749,2,18.2,91,2.9,1154,1.17,0.0,0.0,Spring,No Holiday,Yes
2025-03-02,1320,11,16.6,51,5.2,1059,2.8,0.0,0.0,Spring,No Holiday,Yes
2025-03-03,1053,5,20.6,42,1.0,1418,1.96,0.0,0.0,Spring,No Holiday,Yes
2025-03-04,684,6,14.2,58,3.5,1029,0.83,0.0,0.0,Spring,No Holiday,Yes
2025-03-05,822,14,14.2,57,4.2,709,1.91,0.0,0.0,Spring,No Holiday,Yes
2025-03-06,907,23,8.3,86,2.8,668,2.37,0.0,0.0,Spring,No Holiday,Yes
2025-03-07,886,14,18.9,44,6.3,1046,0.95,0.0,0.0,Spring,No Holiday,Yes
2025-03-08,967,7,17.2,39,2.5,1018,0.99,0.0,0.0,Spring,No Holiday,Yes
2025-03-09,1172,18,20.7,79,2.6,1223,2.97,0.3,0.0,Spring,No Holiday,Yes
2025-03-10,874,23,9.5,82,1.3,1445,2.55,0.0,0.0,Spring,No Holiday,Yes
2025-03-11,894,9,8.6,45,7.2,1869,1.83,0.0,0.0,Spring,No Holiday,Yes
2025-03-12,941,1,9.1,62,6.2,1425,2.63,0.0,0.0,Spring,No Holiday,Yes
2025-03-13,1222,15,13.8,57,6.5,1704,2.88,0.0,0.0,Spring,No Holiday,Yes
2025-03-14,1424,4,20.2,68,2.6,1396,3.37,0.0,0.0,Spring,No Holiday,Yes
2025-03-15,840,21,15.6,64,1.8,1932,1.16,0.0,0.0,Spring,No Holiday,Yes
2025-03-16,1128,2,17.3,23,4.2,869,1.47,0.0,0.0,Spring,No Holiday,Yes
2025-03-17,691,21,12.9,45,3.6,973,0.53,0.0,0.0,Spring,No Holiday,Yes
2025-03-18,1157,19,8.1,28,1.2,1272,3.25,0.0,0.0,Spring,No Holiday,Yes
2025-03-19,911,14,10.0,81,1.6,1681,2.49,0.0,0.0,Spring,No Holiday,Yes
2025-03-20,697,14,19.5,87,6.1,423,0.29,0.0,0.0,Spring,No Holiday,Yes
2025-03-21,626,2,11.2,59,5.8,658,0.77,0.0,0.0,Spring,No Holiday,Yes
2025-03-22,1143,17,18.2,31,1.4,1232,1.9,1.6,0.0,Spring,No Holiday,Yes
2025-03-23,948,10,19.1,79,4.7,515,2.39,0.0,0.0,Spring,No Holiday,Yes
2025-03-24,683,15,10.6,70,5.6,1994,1.59,0.0,0.0,Spring,No Holiday,Yes
2025-03-25,814,4,15.1,53,6.0,305,1.22,0.0,0.0,Spring,No Holiday,Yes
2025-03-26,784,13,19.4,49,1.4,1712,0.58,0.4,0.0,Spring,No Holiday,Yes
2025-03-27,944,8,19.4,55,1.2,886,1.5,0.0,0.0,Spring,No Holiday,Yes
2025-03-28,1102,2,11.7,83,2.5,1763,2.91,0.0,0.0,Spring,No Holiday,Yes
2025-03-29,1207,6,18.7,76,7.0,1835,3.07,0.0,0.0,Spring,No Holiday,Yes
2025-03-30,823,4,13.3,70,3.9,1249,1.39,0.0,0.0,Spring,No Holiday,Yes
2025-03-31,1197,20,21.4,30,6.8,1306,1.83,0.0,0.0,Spring,No Holiday,Yes
2025-04-01,480,8,12.2,86,1.6,809,0.36,0.0,0.0,Spring,No Holiday,Yes
2025-04-02,717,20,15.5,36,4.8,1879,0.8,0.0,0.0,Spring,Holiday,Yes
2025-04-03,1126,0,21.1,29,4.9,857,1.83,0.0,0.0,Spring,No Holiday,Yes
2025-04-04,904,23,19.5,73,1.1,879,1.09,0.0,0.0,Spring,No Holiday,Yes
2025-04-05,1462,10,21.4,36,5.0,707,2.71,0.0,0.0,Spring,No Holiday,Yes
2025-04-06,649,1,9.8,59,2.4,329,1.34,0.0,0.0,Spring,No Holiday,Yes
2025-04-07,1017,3,10.9,94,4.3,784,2.91,0.0,0.0,Spring,No Holiday,Yes
2025-04-08,862,2,16.3,40,6.7,1568,1.2,0.0,0.0,Spring,No Holiday,Yes
2025-04-09,913,3,9.3,79,4.0,598,2.28,0.0,0.0,Spring,No Holiday,Yes
2025-04-10,1054,3,13.1,22,1.6,1010,1.48,0.0,0.0,Spring,No Holiday,Yes
2025-04-11,1082,17,15.7,42,4.4,1757,2.46,0.0,0.0,Spring,No Holiday,Yes
2025-04-12,1007,2,21.6,46,7.3,1977,1.04,0.0,0.0,Spring,No Holiday,Yes
2025-04-13,659,2,10.5,67,7.2,529,0.06,0.0,0.0,Spring,No Holiday,Yes
2025-04-14,674,2,13.0,48,5.0,1659,0.56,0.0,0.0,Spring,No Holiday,Yes
2025-04-15,810,20,13.0,25,5.5,1092,0.86,0.0,0.0,Spring,No Holiday,Yes
2025-04-16,820,11,13.7,35,5.8,453,0.27,0.0,0.0,Spring,No Holiday,Yes
2025-04-17,1060,10,8.6,47,3.2,694,2.68,0.0,0.0,Spring,No Holiday,Yes
2025-04-18,881,19,10.4,29,0.7,1661,0.69,0.0,0.0,Spring,No Holiday,Yes
2025-04-19,0,20,12.8,87,1.6,860,1.43,0.0,0.0,Spring,Holiday,No
2025-04-20,1121,11,10.2,60,3.6,796,2.74,0.0,0.0,Spring,No Holiday,Yes
2025-04-21,708,10,11.0,83,6.5,1629,1.46,0.0,0.0,Spring,No Holiday,Yes
2025-04-22,677,6,9.9,75,5.5,922,1.66,0.0,0.0,Spring,No Holiday,Yes
2025-04-23,913,17,12.7,22,3.9,1637,0.44,0.0,0.0,Spring,No Holiday,Yes
2025-04-24,914,23,21.3,94,5.9,1076,0.81,0.0,0.0,Spring,No Holiday,Yes
2025-04-25,927,10,18.2,73,2.9,355,1.35,0.0,0.0,Spring,No Holiday,Yes
2025-04-26,788,14,8.7,51,1.4,578,1.91,0.0,0.0,Spring,No Holiday,Yes
2025-04-27,1189,9,11.8,32,2.8,1203,2.86,0.0,0.0,Spring,No Holiday,Yes
2025-04-28,1094,23,18.2,21,4.2,1335,0.79,0.0,0.0,Spring,No Holiday,Yes
2025-04-29,1217,17,20.2,32,1.3,1364,2.49,1.2,0.0,Spring,No Holiday,Yes
2025-04-30,940,13,14.1,23,4.2,674,1.65,0.0,0.0,Spring,No Holiday,Yes
2025-05-01,564,16,11.7,79,6.6,623,0.81,0.0,0.0,Spring,No Holiday,Yes
2025-05-02,1268,20,21.5,81,0.9,1625,2.46,0.0,0.0,Spring,No Holiday,Yes
2025-05-03,1323,4,18.7,27,1.6,1060,2.33,2.4,0.0,Spring,No Holiday,Yes
2025-05-04,1397,2,17.4,26,5.8,1259,3.31,0.0,0.0,Spring,No Holiday,Yes
2025-05-05,795,15,12.4,61,5.9,1277,0.78,0.0,0.0,Spring,No Holiday,Yes
2025-05-06,603,6,10.9,56,2.3,1206,0.44,0.0,0.0,Spring,No Holiday,Yes
2025-05-07,1030,8,10.6,32,0.7,494,3.34,1.1,0.0,Spring,No Holiday,Yes
2025-05-08,979,12,9.4,70,5.0,1469,2.86,0.0,0.0,Spring,No Holiday,Yes
2025-05-09,935,21,9.7,24,5.4,851,2.26,0.0,0.0,Spring,No Holiday,Yes
2025-05-10,903,14,14.1,69,4.0,1899,2.67,0.0,0.0,Spring,No Holiday,Yes
2025-05-11,953,8,10.3,61,3.1,363,1.97,0.0,0.0,Spring,No Holiday,Yes
2025-05-12,611,0,8.2,63,2.7,1686,1.13,0.0,0.0,Spring,No Holiday,Yes
2025-05-13,908,19,17.6,93,5.7,1420,1.68,0.0,0.0,Spring,No Holiday,Yes
2025-05-14,861,16,19.0,61,5.4,1831,0.94,0.0,0.0,Spring,No Holiday,Yes
2025-05-15,1041,14,11.8,89,3.9,871,2.73,0.0,0.0,Spring,No Holiday,Yes
2025-05-16,763,20,21.0,85,6.2,540,0.19,0.0,0.0,Spring,No Holiday,Yes
2025-05-17,985,14,20.9,66,1.9,1576,0.27,0.0,0.0,Spring,No Holiday,Yes
2025-05-18,851,20,19.3,95,3.6,1039,1.41,0.0,0.0,Spring,No Holiday,Yes
2025-05-19,1116,6,14.6,77,0.6,349,2.52,0.0,0.0,Spring,No Holiday,Yes
2025-05-20,1105,6,20.5,30,4.4,1616,1.88,0.0,0.0,Spring,No Holiday,Yes
2025-05-21,1177,6,20.5,42,4.7,1556,1.7,0.0,0.0,Spring,No Holiday,Yes
2025-05-22,1086,10,13.7,59,1.9,319,2.82,0.0,0.0,Spring,No Holiday,Yes
2025-05-23,830,0,8.5,91,2.5,677,1.76,0.0,0.0,Spring,No Holiday,Yes
2025-05-24,1056,12,21.3,77,3.4,690,1.34,0.0,0.0,Spring,No Holiday,Yes
2025-05-25,1045,16,16.6,93,1.0,828,2.1,0.0,0.0,Spring,No Holiday,Yes
2025-05-26,1381,13,21.2,36,4.1,1372,3.22,0.0,0.0,Spring,No Holiday,Yes
2025-05-27,755,9,20.2,78,4.6,655,0.01,0.0,0.0,Spring,No Holiday,Yes
2025-05-28,1183,12,16.1,45,1.7,1265,1.97,0.0,0.0,Spring,No Holiday,Yes
2025-05-29,1081,4,13.2,22,5.1,1369,2.79,0.0,0.0,Spring,No Holiday,Yes
2025-05-30,724,3,11.4,64,7.5,1303,1.13,0.0,0.0,Spring,No Holiday,Yes
2025-05-31,1032,11,14.3,67,6.6,933,2.39,0.0,0.0,Spring,No Holiday,Yes
2025-06-01,1427,16,33.9,27,2.8,1367,0.86,0.1,0.0,Summer,No Holiday,Yes
2025-06-02,1393,14,32.0,34,5.0,1593,1.21,0.0,0.0,Summer,No Holiday,Yes
2025-06-03,1339,8,30.9,65,2.1,1149,1.29,0.0,0.0,Summer,No Holiday,Yes
2025-06-04,1120,20,33.9,79,4.3,1493,0.45,0.0,0.0,Summer,No Holiday,Yes
2025-06-05,1264,21,22.1,62,6.1,1167,1.69,0.0,0.0,Summer,No Holiday,Yes
2025-06-06,1380,23,24.8,42,4.2,1630,2.28,0.0,0.0,Summer,No Holiday,Yes
2025-06-07,1785,0,28.5,30,2.4,357,3.46,0.0,0.0,Summer,No Holiday,Yes
2025-06-08,1585,15,30.1,56,6.5,1934,3.42,0.7,0.0,Summer,No Holiday,Yes
2025-06-09,1521,11,36.1,24,1.5,1159,1.2,0.0,0.0,Summer,No Holiday,Yes
2025-06-10,972,2,29.1,90,7.5,481,0.64,0.0,0.0,Summer,No Holiday,Yes
2025-06-11,1793,4,37.2,34,4.7,1353,2.23,0.8,0.0,Summer,No Holiday,Yes
2025-06-12,1030,21,23.6,81,7.4,1787,1.52,0.0,0.0,Summer,No Holiday,Yes
2025-06-13,1143,9,24.0,75,6.2,1858,2.36,0.0,0.0,Summer,No Holiday,Yes
2025-06-14,1682,15,38.0,58,5.0,1622,2.72,0.0,0.0,Summer,No Holiday,Yes
2025-06-15,1052,10,25.1,92,5.2,1042,1.95,0.0,0.0,Summer,No Holiday,Yes
2025-06-16,1069,20,28.3,87,5.6,1140,0.62,0.3,0.0,Summer,No Holiday,Yes
2025-06-17,1479,15,24.9,60,7.4,1983,3.01,0.0,0.0,Summer,No Holiday,Yes
2025-06-18,1450,3,22.0,29,4.1,1588,2.4,0.0,0.0,Summer,No Holiday,Yes
2025-06-19,1074,14,23.9,79,4.4,1688,2.4,0.4,0.0,Summer,No Holiday,Yes
2025-06-20,873,2,27.0,80,5.0,950,0.51,0.0,0.0,Summer,No Holiday,Yes
2025-06-21,1099,19,33.1,94,4.7,1233,1.27,0.2,0.0,Summer,No Holiday,Yes
2025-06-22,1078,23,24.6,43,5.3,1534,1.12,0.0,0.0,Summer,No Holiday,Yes
2025-06-23,1248,17,28.4,44,6.3,356,0.72,0.0,0.0,Summer,No Holiday,Yes
2025-06-24,1634,23,26.7,29,2.3,1078,3.1,0.5,0.0,Summer,No Holiday,Yes
2025-06-25,1288,22,26.7,79,6.0,640,3.07,0.0,0.0,Summer,No Holiday,Yes
2025-06-26,883,6,24.2,91,6.8,1922,0.57,0.0,0.0,Summer,No Holiday,Yes
2025-06-27,965,10,30.7,82,2.1,698,0.07,0.0,0.0,Summer,No Holiday,Yes
2025-06-28,1048,20,22.5,85,1.4,1976,0.9,0.0,0.0,Summer,No Holiday,Yes
2025-06-29,1680,18,29.3,63,4.6,1719,3.4,0.0,0.0,Summer,No Holiday,Yes
2025-06-30,1203,8,23.0,62,3.7,1546,1.22,0.0,0.0,Summer,No Holiday,Yes
2025-07-01,1382,17,26.3,55,5.9,547,1.97,1.1,0.0,Summer,No Holiday,Yes
2025-07-02,1242,1,29.3,44,5.5,626,1.86,0.0,0.0,Summer,No Holiday,Yes
2025-07-03,1229,12,24.8,49,2.2,1512,1.59,0.0,0.0,Summer,No Holiday,Yes
2025-07-04,1452,0,35.5,59,6.6,803,1.32,0.0,0.0,Summer,No Holiday,Yes
2025-07-05,951,2,25.1,72,2.8,629,0.85,0.0,0.0,Summer,No Holiday,Yes
2025-07-06,1723,23,36.7,66,3.7,803,3.23,0.0,0.0,Summer,No Holiday,Yes
2025-07-07,1491,1,29.2,85,4.5,1126,3.29,0.0,0.0,Summer,No Holiday,Yes
2025-07-08,1251,21,35.8,48,4.1,657,0.97,0.0,0.0,Summer,No Holiday,Yes
2025-07-09,1482,11,28.7,26,1.5,1097,2.5,0.0,0.0,Summer,No Holiday,Yes
2025-07-10,1341,22,24.8,35,6.8,1477,2.14,0.0,0.0,Summer,No Holiday,Yes
2025-07-11,1492,4,27.5,60,5.4,1314,3.41,0.0,0.0,Summer,No Holiday,Yes
2025-07-12,1424,4,26.8,34,5.3,1520,1.94,0.0,0.0,Summer,No Holiday,Yes
2025-07-13,1512,2,26.9,31,1.4,465,3.46,0.0,0.0,Summer,No Holiday,Yes
2025-07-14,1121,4,26.0,55,6.5,1542,1.38,0.1,0.0,Summer,No Holiday,Yes
2025-07-15,1055,8,27.9,49,7.3,1001,0.33,0.0,0.0,Summer,No Holiday,Yes
2025-07-16,1310,4,25.4,29,1.7,1919,1.14,0.0,0.0,Summer,No Holiday,Yes
2025-07-17,1014,16,26.6,93,1.9,1304,1.65,0.0,0.0,Summer,No Holiday,Yes
2025-07-18,1334,4,36.7,27,1.0,884,0.54,0.0,0.0,Summer,No Holiday,Yes
2025-07-19,1345,8,29.8,49,1.7,1362,1.6,0.0,0.0,Summer,No Holiday,Yes
2025-07-20,1615,0,27.4,35,2.2,1291,2.86,0.0,0.0,Summer,No Holiday,Yes
2025-07-21,1310,21,35.3,74,4.0,1612,0.38,0.0,0.0,Summer,No Holiday,Yes
2025-07-22,1134,20,36.4,56,0.9,704,0.06,0.0,0.0,Summer,No Holiday,Yes
2025-07-23,1556,7,29.1,60,6.8,1652,2.89,0.0,0.0,Summer,No Holiday,Yes
2025-07-24,1074,16,28.4,92,7.0,1840,0.09,0.0,0.0,Summer,No Holiday,Yes
2025-07-25,1297,10,33.1,66,6.7,310,0.37,0.0,0.0,Summer,No Holiday,Yes
2025-07-26,1733,5,27.9,21,4.1,1732,3.11,0.0,0.0,Summer,No Holiday,Yes
2025-07-27,1450,3,32.5,31,0.8,947,0.93,0.0,0.0,Summer,No Holiday,Yes
2025-07-28,0,5,25.9,45,4.0,969,1.46,0.0,0.0,Summer,Holiday,No
2025-07-29,1318,21,35.4,72,6.8,637,1.1,0.0,0.0,Summer,No Holiday,Yes
2025-07-30,1551,8,36.3,51,3.6,631,1.48,0.0,0.0,Summer,No Holiday,Yes
2025-07-31,1067,3,24.7,90,5.5,982,1.37,0.0,0.0,Summer,No Holiday,Yes
2025-08-01,1530,16,32.5,39,6.8,382,2.96,0.0,0.0,Summer,No Holiday,Yes
2025-08-02,1219,18,37.9,69,5.2,1137,0.22,0.0,0.0,Summer,No Holiday,Yes
2025-08-03,1764,11,33.6,22,4.0,1859,2.85,0.0,0.0,Summer,No Holiday,Yes
2025-08-04,1284,22,37.8,83,5.6,1681,0.72,0.0,0.0,Summer,No Holiday,Yes
2025-08-05,1111,10,24.3,66,0.9,1372,0.95,0.0,0.0,Summer,No Holiday,Yes
2025-08-06,1216,22,31.8,52,6.9,1513,0.17,0.0,0.0,Summer,No Holiday,Yes
2025-08-07,1488,13,26.1,55,5.9,514,2.55,0.0,0.0,Summer,No Holiday,Yes
2025-08-08,1752,7,30.0,22,5.7,1559,2.97,0.0,0.0,Summer,No Holiday,Yes
2025-08-09,1199,16,30.1,49,5.1,1017,1.2,0.0,0.0,Summer,No Holiday,Yes
2025-08-10,1690,13,34.9,37,0.9,1590,2.23,0.0,0.0,Summer,No Holiday,Yes
2025-08-11,0,2,31.6,37,1.3,990,0.5,0.0,0.0,Summer,Holiday,No
2025-08-12,935,23,22.9,76,5.0,1229,0.59,0.0,0.0,Summer,No Holiday,Yes
2025-08-13,1547,3,27.1,60,3.5,1475,2.72,0.0,0.0,Summer,No Holiday,Yes
2025-08-14,1151,3,25.6,94,1.4,774,2.72,0.0,0.0,Summer,No Holiday,Yes
2025-08-15,1575,15,28.4,57,6.6,481,3.11,0.0,0.0,Summer,No Holiday,Yes
2025-08-16,1353,12,24.0,57,5.1,1468,2.9,0.0,0.0,Summer,No Holiday,Yes
2025-08-17,1246,21,30.7,84,6.8,1786,1.15,0.0,0.0,Summer,No Holiday,Yes
2025-08-18,1372,6,32.5,69,2.5,899,2.38,0.0,0.0,Summer,No Holiday,Yes
2025-08-19,1188,6,23.8,80,6.7,742,2.82,0.0,0.0,Summer,No Holiday,Yes
2025-08-20,1192,15,23.8,61,6.5,1145,1.97,0.0,0.0,Summer,No Holiday,Yes
2025-08-21,1344,15,37.9,87,1.6,1262,2.02,0.0,0.0,Summer,No Holiday,Yes
2025-08-22,1328,12,31.6,46,3.5,477,1.03,0.0,0.0,Summer,No Holiday,Yes
2025-08-23,1640,11,24.3,20,3.0,1941,3.2,0.0,0.0,Summer,No Holiday,Yes
2025-08-24,1706,11,34.6,32,6.1,1545,2.18,0.9,0.0,Summer,No Holiday,Yes
2025-08-25,1568,18,32.4,32,3.9,1904,2.46,0.6,0.0,Summer,No Holiday,Yes
2025-08-26,1271,4,30.0,35,3.9,1291,1.34,2.4,0.0,Summer,No Holiday,Yes
2025-08-27,1579,13,31.3,39,0.6,424,3.03,0.0,0.0,Summer,No Holiday,Yes
2025-08-28,1250,21,24.4,28,5.1,1976,1.75,0.0,0.0,Summer,No Holiday,Yes
2025-08-29,1155,19,28.1,55,4.2,1800,0.81,0.0,0.0,Summer,No Holiday,Yes
2025-08-30,1075,20,27.0,59,3.7,302,0.51,0.0,0.0,Summer,No Holiday,Yes
2025-08-31,1404,23,33.2,81,2.8,767,1.85,0.0,0.0,Summer,No Holiday,Yes
2025-09-01,826,1,12.7,60,2.6,661,1.98,0.0,0.0,Autumn,No Holiday,Yes
2025-09-02,807,6,19.2,82,4.5,1595,0.54,0.0,0.0,Autumn,No Holiday,Yes
2025-09-03,811,8,21.2,31,3.7,1754,0.01,0.0,0.0,Autumn,No Holiday,Yes
2025-09-04,1179,18,23.6,38,6.3,843,2.35,0.0,0.0,Autumn,No Holiday,Yes
2025-09-05,900,11,13.3,47,5.1,1576,1.61,0.0,0.0,Autumn,No Holiday,Yes
2025-09-06,0,22,15.4,67,3.6,1146,2.85,0.0,0.0,Autumn,Holiday,No
2025-09-07,887,16,21.1,52,4.6,742,0.25,0.0,0.0,Autumn,No Holiday,Yes
2025-09-08,663,14,10.4,56,4.9,1433,0.52,0.0,0.0,Autumn,No Holiday,Yes
2025-09-09,1351,3,22.6,42,4.1,621,3.08,0.0,0.0,Autumn,No Holiday,Yes
2025-09-10,574,7,11.3,80,5.5,1258,0.45,0.0,0.0,Autumn,No Holiday,Yes
2025-09-11,1080,15,22.2,38,0.9,465,1.03,0.1,0.0,Autumn,No Holiday,Yes
2025-09-12,761,13,13.4,34,2.9,1994,0.43,0.0,0.0,Autumn,No Holiday,Yes
2025-09-13,894,6,10.9,39,2.7,1926,1.91,0.0,0.0,Autumn,No Holiday,Yes
2025-09-14,1223,20,18.4,47,4.9,1842,3.29,0.0,0.0,Autumn,No Holiday,Yes
2025-09-15,1073,10,12.7,38,0.8,1724,2.37,0.0,0.0,Autumn,No Holiday,Yes
2025-09-16,1103,12,18.1,65,6.7,1824,1.98,0.0,0.0,Autumn,No Holiday,Yes
2025-09-17,1093,0,23.4,43,6.9,689,0.34,0.0,0.0,Autumn,No Holiday,Yes
2025-09-18,945,12,10.8,69,1.1,355,3.29,0.0,0.0,Autumn,No Holiday,Yes
2025-09-19,1200,14,22.4,72,4.1,750,1.88,0.0,0.0,Autumn,No Holiday,Yes
2025-09-20,0,20,18.5,52,3.4,1492,1.79,0.0,0.0,Autumn,Holiday,No
2025-09-21,1225,8,17.8,21,2.3,870,2.4,0.0,0.0,Autumn,No Holiday,Yes
2025-09-22,1163,3,14.9,24,4.5,787,1.95,0.0,0.0,Autumn,No Holiday,Yes
2025-09-23,0,16,16.1,58,4.4,930,0.29,0.0,0.0,Autumn,Holiday,No
2025-09-24,1138,6,22.6,31,7.5,1886,0.62,0.4,0.0,Autumn,No Holiday,Yes
2025-09-25,1333,19,15.7,23,2.1,362,2.92,0.0,0.0,Autumn,No Holiday,Yes
2025-09-26,930,7,16.7,93,1.3,1009,1.17,0.0,0.0,Autumn,No Holiday,Yes
2025-09-27,1017,20,18.3,25,0.8,698,1.06,0.2,0.0,Autumn,No Holiday,Yes
2025-09-28,704,9,10.3,30,1.4,1889,0.59,0.0,0.0,Autumn,No Holiday,Yes
2025-09-29,1026,14,20.7,73,5.9,1845,1.78,0.0,0.0,Autumn,No Holiday,Yes
2025-09-30,1005,7,19.5,95,1.6,902,1.95,0.0,0.0,Autumn,No Holiday,Yes
2025-10-01,0,11,12.9,60,5.1,611,3.36,0.0,0.0,Autumn,Holiday,No
2025-10-02,528,6,11.9,70,7.1,660,0.1,0.0,0.0,Autumn,No Holiday,Yes
2025-10-03,1013,16,14.7,34,4.2,427,1.53,0.0,0.0,Autumn,No Holiday,Yes
2025-10-04,913,10,17.0,87,1.5,1856,2.19,0.0,0.0,Autumn,No Holiday,Yes
2025-10-05,1072,11,20.1,89,5.6,1858,1.34,0.0,0.0,Autumn,No Holiday,Yes
2025-10-06,1029,18,12.9,41,5.6,1061,2.83,1.0,0.0,Autumn,No Holiday,Yes
2025-10-07,708,16,12.0,81,6.9,1233,1.5,0.0,0.0,Autumn,No Holiday,Yes
2025-10-08,1259,19,15.8,44,1.8,1408,2.33,0.0,0.0,Autumn,No Holiday,Yes
2025-10-09,817,10,17.9,93,5.1,1998,0.4,0.0,0.0,Autumn,No Holiday,Yes
2025-10-10,1110,5,23.0,65,5.5,790,0.82,0.0,0.0,Autumn,No Holiday,Yes
2025-10-11,1089,3,10.9,20,4.3,1590,2.44,0.5,0.0,Autumn,No Holiday,Yes
2025-10-12,563,2,10.5,86,4.1,658,0.11,0.0,0.0,Autumn,No Holiday,Yes
2025-10-13,895,23,11.8,53,5.6,1898,1.06,0.0,0.0,Autumn,No Holiday,Yes
2025-10-14,1292,14,19.5,74,4.9,413,3.43,0.0,0.0,Autumn,No Holiday,Yes
2025-10-15,1021,16,13.6,25,4.4,1608,2.21,0.0,0.0,Autumn,No Holiday,Yes
2025-10-16,940,17,12.4,28,4.6,919,1.21,0.0,0.0,Autumn,No Holiday,Yes
2025-10-17,880,2,11.5,25,0.7,1643,1.25,0.0,0.0,Autumn,No Holiday,Yes
2025-10-18,1259,22,21.7,43,4.1,474,2.39,0.0,0.0,Autumn,No Holiday,Yes
2025-10-19,792,14,10.7,71,6.3,1288,1.61,0.0,0.0,Autumn,No Holiday,Yes
2025-10-20,1132,1,17.4,33,2.3,1561,2.36,0.0,0.0,Autumn,No Holiday,Yes
2025-10-21,1465,5,18.8,29,1.7,326,3.28,0.0,0.0,Autumn,No Holiday,Yes
2025-10-22,1200,20,18.3,36,4.3,1225,1.48,0.1,0.0,Autumn,No Holiday,Yes
2025-10-23,895,11,12.4,66,6.9,1736,1.19,0.0,0.0,Autumn,No Holiday,Yes
2025-10-24,983,14,15.0,48,5.2,1145,1.69,0.0,0.0,Autumn,No Holiday,Yes
2025-10-25,1264,23,22.0,44,0.7,1451,2.23,0.0,0.0,Autumn,No Holiday,Yes
2025-10-26,924,0,17.0,72,0.7,304,2.12,0.0,0.0,Autumn,No Holiday,Yes
2025-10-27,992,4,19.1,58,1.5,1931,0.84,0.0,0.0,Autumn,No Holiday,Yes
2025-10-28,1068,10,20.3,87,2.6,1261,1.61,0.0,0.0,Autumn,No Holiday,Yes
2025-10-29,1349,15,21.5,39,0.6,1195,2.35,0.0,0.0,Autumn,No Holiday,Yes
2025-10-30,1108,9,21.8,73,6.5,896,2.03,0.0,0.0,Autumn,No Holiday,Yes
2025-10-31,806,11,15.0,51,1.6,493,0.73,0.0,0.0,Autumn,No Holiday,Yes
2025-11-01,853,2,12.9,95,5.5,328,2.8,0.0,0.0,Autumn,No Holiday,Yes
2025-11-02,886,16,21.9,76,5.6,763,0.44,0.0,0.0,Autumn,No Holiday,Yes
2025-11-03,1265,11,17.9,22,3.4,1702,3.23,1.2,0.0,Autumn,No Holiday,Yes
2025-11-04,1153,19,14.5,95,7.0,1897,3.47,0.1,0.0,Autumn,No Holiday,Yes
2025-11-05,1075,14,21.7,95,5.3,1240,1.69,0.0,0.0,Autumn,No Holiday,Yes
2025-11-06,1004,18,22.6,86,4.8,1678,2.05,0.0,0.0,Autumn,No Holiday,Yes
2025-11-07,1414,13,20.6,36,5.9,1051,3.27,0.0,0.0,Autumn,No Holiday,Yes
2025-11-08,855,6,16.2,49,1.8,438,1.21,0.0,0.0,Autumn,No Holiday,Yes
2025-11-09,1075,16,12.0,54,5.1,1478,2.27,0.0,0.0,Autumn,No Holiday,Yes
2025-11-10,1026,19,16.8,79,5.8,802,2.49,0.0,0.0,Autumn,No Holiday,Yes
2025-11-11,793,23,10.0,50,1.9,1871,2.06,0.0,0.0,Autumn,No Holiday,Yes
2025-11-12,1122,13,22.0,24,6.9,312,0.52,0.0,0.0,Autumn,No Holiday,Yes
2025-11-13,1377,18,21.2,33,1.8,365,2.19,0.0,0.0,Autumn,No Holiday,Yes
2025-11-14,741,21,19.1,71,2.9,1474,0.18,0.0,0.0,Autumn,No Holiday,Yes
2025-11-15,1185,2,20.5,40,2.8,1860,2.52,0.0,0.0,Autumn,No Holiday,Yes
2025-11-16,1305,20,23.1,38,5.5,1663,2.29,0.0,0.0,Autumn,No Holiday,Yes
2025-11-17,829,23,18.2,79,6.9,1354,0.1,0.0,0.0,Autumn,No Holiday,Yes
2025-11-18,1397,21,22.8,74,2.6,1014,2.83,0.0,0.0,Autumn,No Holiday,Yes
2025-11-19,1067,6,11.2,23,7.2,1932,2.0,0.7,0.0,Autumn,No Holiday,Yes
2025-11-20,819,20,21.6,45,3.4,1665,0.35,0.0,0.0,Autumn,No Holiday,Yes
2025-11-21,960,22,13.4,26,4.2,1023,1.67,0.0,0.0,Autumn,No Holiday,Yes
2025-11-22,777,15,10.4,49,3.8,668,1.64,0.0,0.0,Autumn,No Holiday,Yes
2025-11-23,0,17,16.0,95,3.9,1167,1.92,0.0,0.0,Autumn,Holiday,No
2025-11-24,770,15,11.2,60,2.4,1991,1.27,0.0,0.0,Autumn,No Holiday,Yes
2025-11-25,740,11,15.4,72,1.9,1311,0.74,0.6,0.0,Autumn,No Holiday,Yes
2025-11-26,1156,8,18.6,70,2.9,1792,3.46,0.0,0.0,Autumn,No Holiday,Yes
2025-11-27,0,5,20.4,94,7.0,1567,2.51,0.0,0.0,Autumn,Holiday,No
2025-11-28,831,12,21.6,91,1.4,1245,0.83,0.0,0.0,Autumn,No Holiday,Yes
2025-11-29,1075,13,18.0,70,4.7,1707,1.93,0.0,0.0,Autumn,No Holiday,Yes
2025-11-30,1171,11,19.5,37,4.8,1856,1.21,0.0,0.0,Autumn,No Holiday,Yes
2025-12-01,534,17,4.9,85,4.2,1294,0.93,0.0,0.0,Winter,No Holiday,Yes
2025-12-02,322,23,-4.6,88,2.1,1953,0.57,1.3,0.0,Winter,No Holiday,Yes
2025-12-03,398,18,-8.6,89,3.2,1457,2.12,0.7,0.0,Winter,No Holiday,Yes
2025-12-04,586,5,-8.2,38,1.0,1512,2.17,0.0,0.0,Winter,No Holiday,Yes
2025-12-05,734,15,4.3,44,1.2,1025,1.95,0.0,0.0,Winter,No Holiday,Yes
2025-12-06,468,11,-3.4,42,2.7,897,2.19,0.0,0.1,Winter,No Holiday,Yes
2025-12-07,509,2,-4.2,35,6.1,1599,2.21,0.0,0.1,Winter,No Holiday,Yes
2025-12-08,377,15,-7.5,37,3.9,1050,0.84,0.0,0.0,Winter,No Holiday,Yes
2025-12-09,223,22,-0.1,77,1.8,808,0.09,0.0,0.0,Winter,No Holiday,Yes
2025-12-10,811,12,3.4,37,1.2,1583,2.38,0.0,0.0,Winter,No Holiday,Yes
2025-12-11,552,21,-0.2,90,5.5,545,2.64,0.0,0.8,Winter,No Holiday,Yes
2025-12-12,381,15,2.1,39,1.2,1529,0.0,0.0,0.0,Winter,No Holiday,Yes
2025-12-13,431,0,-4.8,75,1.4,790,1.37,0.0,0.0,Winter,No Holiday,Yes
2025-12-14,525,10,-2.7,80,5.6,722,1.64,0.1,0.0,Winter,No Holiday,Yes
2025-12-15,597,7,-5.2,56,6.6,1425,2.69,0.0,0.0,Winter,No Holiday,Yes
2025-12-16,603,6,-0.9,75,6.1,955,1.9,0.0,0.0,Winter,No Holiday,Yes
2025-12-17,933,14,5.5,74,4.6,414,3.49,0.0,0.0,Winter,No Holiday,Yes
2025-12-18,572,18,5.5,73,6.8,702,0.23,0.0,0.0,Winter,No Holiday,Yes
2025-12-19,716,15,1.6,38,7.2,1424,2.76,0.0,0.0,Winter,No Holiday,Yes
2025-12-20,232,23,-1.5,82,7.2,831,0.58,0.4,0.0,Winter,No Holiday,Yes
2025-12-21,905,15,1.0,58,1.4,1871,3.36,0.0,1.8,Winter,No Holiday,Yes
2025-12-22,469,9,5.4,81,3.9,775,0.31,0.0,0.0,Winter,No Holiday,Yes
2025-12-23,645,5,-7.5,48,5.6,428,2.87,0.0,0.0,Winter,No Holiday,Yes
2025-12-24,653,15,-6.6,49,2.7,1520,2.12,0.0,0.0,Winter,No Holiday,Yes
2025-12-25,233,4,-7.4,57,3.5,501,0.71,0.0,0.0,Winter,No Holiday,Yes
2025-12-26,70,6,-5.9,68,2.8,1363,0.15,0.1,0.2,Winter,No Holiday,Yes
2025-12-27,586,2,7.6,24,3.0,340,0.11,0.0,0.0,Winter,No Holiday,Yes
2025-12-28,372,11,0.4,83,1.8,1648,0.2,0.0,0.2,Winter,No Holiday,Yes
2025-12-29,827,3,4.0,46,7.3,921,1.51,0.0,0.0,Winter,No Holiday,Yes
2025-12-30,116,5,-7.9,55,5.4,500,0.04,0.0,0.0,Winter,No Holiday,Yes
2025-12-31,978,2,1.7,47,2.8,1058,3.4,0.0,0.0,Winter,No Holiday,Yes
2026-01-01,505,3,-5.3,64,1.3,1060,2.82,0.0,0.0,Winter,No Holiday,Yes
2026-01-02,605,7,-3.2,88,1.5,711,2.35,0.4,4.3,Winter,No Holiday,Yes
2026-01-03,423,19,-0.0,59,2.8,1654,0.39,0.0,0.6,Winter,No Holiday,Yes
2026-01-04,644,20,-0.9,65,3.4,1882,2.78,0.0,0.0,Winter,No Holiday,Yes
2026-01-05,670,13,1.4,36,4.6,1507,2.21,0.0,0.0,Winter,No Holiday,Yes
2026-01-06,249,3,-5.6,80,2.1,830,1.69,0.6,0.0,Winter,No Holiday,Yes
2026-01-07,592,21,-0.5,52,3.1,1607,1.7,0.0,0.0,Winter,No Holiday,Yes
2026-01-08,676,9,-3.4,39,1.9,411,1.65,0.0,0.0,Winter,No Holiday,Yes
2026-01-09,431,4,-8.7,23,5.5,522,1.63,0.6,0.2,Winter,No Holiday,Yes
2026-01-10,336,2,-6.1,29,0.8,1011,1.24,0.0,0.0,Winter,No Holiday,Yes
2026-01-11,169,21,-7.1,29,6.8,375,0.09,0.0,0.6,Winter,No Holiday,Yes
2026-01-12,541,10,-2.1,56,1.1,1419,1.54,1.6,0.0,Winter,No Holiday,Yes
2026-01-13,294,8,-6.4,79,4.2,451,1.47,0.7,0.0,Winter,No Holiday,Yes
2026-01-14,812,2,2.7,89,4.2,1746,3.31,0.0,0.0,Winter,No Holiday,Yes
2026-01-15,326,9,-8.5,40,3.7,1918,1.43,0.8,0.0,Winter,No Holiday,Yes
2026-01-16,896,23,5.4,58,7.1,1269,3.03,0.1,0.0,Winter,No Holiday,Yes
2026-01-17,260,20,-7.2,92,1.4,1840,2.13,0.0,0.0,Winter,No Holiday,Yes
2026-01-18,612,16,-5.7,83,0.8,1864,2.44,0.0,0.0,Winter,No Holiday,Yes
2026-01-19,247,16,-8.6,71,2.4,1634,1.49,0.0,0.0,Winter,No Holiday,Yes
2026-01-20,334,9,4.4,89,6.8,869,0.19,0.0,0.0,Winter,No Holiday,Yes
2026-01-21,740,6,-5.3,20,4.2,1553,1.96,0.0,0.5,Winter,No Holiday,Yes
2026-01-22,805,15,8.0,94,0.9,1383,2.48,0.0,0.0,Winter,No Holiday,Yes
2026-01-23,366,9,-8.8,25,0.7,795,1.29,0.0,0.0,Winter,No Holiday,Yes
2026-01-24,713,23,4.0,28,1.2,1960,1.05,0.0,0.0,Winter,No Holiday,Yes
2026-01-25,696,22,7.1,69,3.4,1412,1.76,0.0,0.0,Winter,No Holiday,Yes
2026-01-26,508,15,-3.4,36,3.2,1939,1.46,0.0,0.0,Winter,No Holiday,Yes
2026-01-27,477,20,-5.3,73,6.9,1434,2.61,0.0,1.6,Winter,No Holiday,Yes
2026-01-28,677,13,-9.1,29,0.7,1553,2.88,0.4,0.0,Winter,No Holiday,Yes
2026-01-29,676,11,-9.8,38,1.7,1367,2.87,0.0,3.2,Winter,No Holiday,Yes
2026-01-30,285,4,-2.2,95,3.7,1804,0.3,0.0,1.9,Winter,No Holiday,Yes
2026-01-31,883,7,7.5,81,1.5,350,2.07,0.0,0.0,Winter,No Holiday,Yes
2026-02-01,579,6,-0.3,33,1.1,448,2.18,0.0,0.0,Winter,No Holiday,Yes
2026-02-02,500,17,-4.7,61,1.5,1470,2.14,0.0,0.0,Winter,No Holiday,Yes
2026-02-03,900,2,7.8,23,1.8,1275,1.48,0.0,0.0,Winter,No Holiday,Yes
2026-02-04,50,2,-9.9,22,5.0,1338,0.02,0.1,0.0,Winter,No Holiday,Yes
2026-02-05,678,10,-9.0,42,5.8,1219,3.2,0.0,0.0,Winter,No Holiday,Yes
2026-02-06,0,4,4.5,73,3.3,1992,1.6,0.3,0.0,Winter,Holiday,No
2026-02-07,623,10,-7.4,27,5.0,1163,1.61,0.0,0.2,Winter,No Holiday,Yes
2026-02-08,423,14,-3.7,83,3.3,783,0.91,0.0,0.0,Winter,No Holiday,Yes
2026-02-09,508,21,0.7,80,3.2,471,2.51,0.6,1.9,Winter,No Holiday,Yes
2026-02-10,208,19,-8.5,80,4.8,467,1.12,0.0,0.0,Winter,No Holiday,Yes
2026-02-11,369,18,-8.7,27,2.6,1573,1.46,0.0,0.0,Winter,No Holiday,Yes
2026-02-12,810,15,-3.0,36,4.0,500,3.13,0.0,0.0,Winter,No Holiday,Yes
2026-02-13,557,2,-3.2,47,4.2,1301,2.79,0.0,0.0,Winter,No Holiday,Yes
2026-02-14,433,12,-9.6,23,7.0,1048,2.42,0.0,0.6,Winter,No Holiday,Yes
2026-02-15,719,7,1.3,85,0.7,568,2.7,0.0,0.0,Winter,No Holiday,Yes
2026-02-16,150,1,-8.4,80,3.9,1275,0.37,0.0,0.0,Winter,No Holiday,Yes
2026-02-17,725,8,-4.1,50,0.7,977,3.29,0.0,0.1,Winter,No Holiday,Yes
2026-02-18,669,13,-7.4,59,1.2,1078,2.78,0.0,0.0,Winter,No Holiday,Yes
2026-02-19,328,20,-2.4,79,0.9,1802,1.67,0.0,0.0,Winter,No Holiday,Yes
2026-02-20,516,15,-7.3,52,4.3,1535,2.44,0.1,5.5,Winter,No Holiday,Yes
2026-02-21,456,0,-3.3,55,5.9,1779,2.12,0.0,0.0,Winter,No Holiday,Yes
2026-02-22,460,11,-6.4,61,6.4,1526,1.93,0.6,0.1,Winter,No Holiday,Yes
2026-02-23,153,19,-1.3,92,5.8,1590,0.35,0.8,0.0,Winter,No Holiday,Yes
2026-02-24,635,5,7.5,70,5.0,1719,1.48,0.0,0.0,Winter,No Holiday,Yes
2026-02-25,462,14,7.7,43,2.6,1945,0.02,0.0,0.0,Winter,No Holiday,Yes
2026-02-26,803,1,0.9,40,4.2,1086,3.2,0.0,0.0,Winter,No Holiday,Yes
2026-02-27,875,6,7.7,69,4.6,643,2.89,0.0,0.0,Winter,No Holiday,Yes
2026-02-28,555,16,2.4,32,7.3,1762,0.32,0.2,0.0,Winter,No Holiday,Yes
2026-03-01,925,21,8.1,52,2.1,606,3.13,0.0,0.0,Spring,No Holiday,Yes
2026-03-02,1247,2,18.4,81,7.3,1687,3.02,0.0,0.0,Spring,No Holiday,Yes
2026-03-03,449,13,10.7,94,0.6,1368,0.03,0.0,0.0,Spring,No Holiday,Yes
2026-03-04,939,19,11.4,51,0.9,1568,2.71,0.0,0.0,Spring,No Holiday,Yes
2026-03-05,1242,4,17.3,26,1.4,1893,2.99,0.0,0.0,Spring,No Holiday,Yes
2026-03-06,1133,23,9.6,67,0.7,1499,3.15,0.0,0.0,Spring,No Holiday,Yes
2026-03-07,870,20,10.5,82,6.6,1031,2.2,0.0,0.0,Spring,No Holiday,Yes
2026-03-08,901,20,16.3,84,6.0,1696,0.68,0.0,0.0,Spring,No Holiday,Yes
2026-03-09,1065,8,15.0,60,1.9,491,2.76,0.1,0.0,Spring,No Holiday,Yes
2026-03-10,1141,0,16.8,27,2.4,1927,2.74,0.0,0.0,Spring,No Holiday,Yes
2026-03-11,1060,14,12.4,53,3.9,485,1.99,0.0,0.0,Spring,No Holiday,Yes
2026-03-12,923,17,15.3,83,5.1,1679,2.05,0.0,0.0,Spring,No Holiday,Yes
2026-03-13,910,11,18.1,51,2.0,1840,0.23,0.0,0.0,Spring,No Holiday,Yes
2026-03-14,906,18,13.1,27,6.2,397,1.68,0.0,0.0,Spring,No Holiday,Yes
2026-03-15,614,22,10.7,60,6.2,1679,0.91,0.3,0.0,Spring,No Holiday,Yes
2026-03-16,912,1,15.7,50,2.7,1704,0.72,0.0,0.0,Spring,No Holiday,Yes
2026-03-17,902,2,9.0,79,2.2,342,2.2,0.0,0.0,Spring,No Holiday,Yes
2026-03-18,1017,2,19.2,28,0.9,658,0.04,0.0,0.0,Spring,No Holiday,Yes
2026-03-19,815,0,8.3,62,3.2,1984,1.83,0.0,0.0,Spring,No Holiday,Yes
2026-03-20,1060,14,17.4,37,6.4,354,2.55,0.4,0.0,Spring,No Holiday,Yes
2026-03-21,739,13,11.7,80,0.8,1433,1.34,0.0,0.0,Spring,No Holiday,Yes
2026-03-22,832,19,8.9,85,2.0,634,2.68,0.0,0.0,Spring,No Holiday,Yes
2026-03-23,813,9,20.9,57,5.9,541,0.71,0.0,0.0,Spring,No Holiday,Yes
2026-03-24,830,21,15.4,87,3.7,1726,0.42,0.0,0.0,Spring,No Holiday,Yes
2026-03-25,833,23,13.5,71,3.0,1896,0.45,0.0,0.0,Spring,No Holiday,Yes
2026-03-26,0,19,13.0,27,6.1,1671,0.3,0.0,0.0,Spring,Holiday,No
2026-03-27,969,5,10.2,33,2.7,1924,2.6,0.0,0.0,Spring,No Holiday,Yes
2026-03-28,1047,1,19.3,50,2.2,836,1.74,0.0,0.0,Spring,No Holiday,Yes
2026-03-29,1072,13,8.8,20,0.9,764,2.37,0.0,0.0,Spring,No Holiday,Yes
2026-03-30,0,22,14.8,87,3.4,681,2.24,0.0,0.0,Spring,Holiday,No
2026-03-31,708,5,9.2,73,5.0,821,0.56,0.0,0.0,Spring,No Holiday,Yes
2026-04-01,728,4,14.3,26,5.2,1280,0.43,0.0,0.0,Spring,No Holiday,Yes
2026-04-02,1203,10,10.7,33,1.1,1952,2.79,0.0,0.0,Spring,No Holiday,Yes
2026-04-03,1350,7,18.3,46,5.9,1806,3.27,0.3,0.0,Spring,No Holiday,Yes
2026-04-04,914,19,17.3,73,3.8,571,1.97,0.0,0.0,Spring,No Holiday,Yes
2026-04-05,1169,2,19.5,30,1.5,512,1.83,0.0,0.0,Spring,No Holiday,Yes
2026-04-06,665,6,14.1,45,6.5,835,0.28,0.1,0.0,Spring,No Holiday,Yes
2026-04-07,846,16,19.5,90,1.9,505,1.77,0.0,0.0,Spring,No Holiday,Yes
2026-04-08,1106,13,17.9,90,3.7,1363,3.22,0.0,0.0,Spring,No Holiday,Yes
2026-04-09,1008,21,16.0,91,5.1,1070,2.09,0.0,0.0,Spring,No Holiday,Yes
2026-04-10,889,20,15.6,46,5.7,1207,0.13,0.0,0.0,Spring,No Holiday,Yes
2026-04-11,0,2,19.3,44,1.4,962,1.39,0.1,0.0,Spring,Holiday,No
2026-04-12,764,19,13.8,48,4.8,1820,2.56,0.0,0.0,Spring,Holiday,Yes
2026-04-13,1129,4,17.3,95,3.4,1373,2.98,0.9,0.0,Spring,No Holiday,Yes
2026-04-14,935,9,21.4,91,4.7,453,1.04,0.0,0.0,Spring,No Holiday,Yes
2026-04-15,844,23,8.4,34,1.5,1451,2.53,0.0,0.0,Spring,No Holiday,Yes
2026-04-16,1244,15,15.5,76,3.9,1095,3.12,0.0,0.0,Spring,No Holiday,Yes
2026-04-17,776,8,15.5,86,7.2,1191,1.96,0.0,0.0,Spring,No Holiday,Yes
2026-04-18,872,1,10.3,85,7.1,915,2.93,0.8,0.0,Spring,No Holiday,Yes
2026-04-19,884,19,14.9,55,4.3,970,0.74,0.0,0.0,Spring,No Holiday,Yes
2026-04-20,801,7,13.5,62,4.1,1885,1.42,0.0,0.0,Spring,No Holiday,Yes
2026-04-21,792,7,17.3,85,2.8,1914,1.74,0.0,0.0,Spring,No Holiday,Yes
2026-04-22,882,4,9.2,54,6.8,1851,1.7,0.7,0.0,Spring,No Holiday,Yes
2026-04-23,636,14,8.5,59,3.4,1109,1.24,0.0,0.0,Spring,No Holiday,Yes
2026-04-24,1388,19,20.0,51,1.7,417,2.73,0.0,0.0,Spring,No Holiday,Yes
2026-04-25,831,16,15.3,50,7.2,1314,1.31,0.0,0.0,Spring,No Holiday,Yes
2026-04-26,872,1,14.5,64,2.4,549,0.7,0.0,0.0,Spring,No Holiday,Yes
2026-04-27,771,19,8.6,78,3.7,1093,1.67,0.0,0.0,Spring,No Holiday,Yes
2026-04-28,984,7,12.9,32,1.7,1850,2.65,0.0,0.0,Spring,No Holiday,Yes
2026-04-29,1110,16,17.4,46,1.3,1019,2.86,0.0,0.0,Spring,No Holiday,Yes
2026-04-30,1387,5,21.5,75,5.6,825,3.47,0.0,0.0,Spring,No Holiday,Yes
2026-05-01,586,15,10.6,51,4.1,1647,0.75,0.0,0.0,Spring,No Holiday,Yes
2026-05-02,894,0,8.6,48,1.7,1606,1.86,0.0,0.0,Spring,No Holiday,Yes
2026-05-03,1185,20,10.7,27,5.3,1877,2.63,0.0,0.0,Spring,No Holiday,Yes
2026-05-04,1049,9,15.6,55,3.0,1394,1.38,0.0,0.0,Spring,No Holiday,Yes
2026-05-05,1027,10,12.5,41,4.4,626,2.97,0.8,0.0,Spring,No Holiday,Yes
2026-05-06,0,9,19.4,27,1.7,475,1.2,0.0,0.0,Spring,Holiday,No
2026-05-07,855,14,11.4,89,3.5,345,1.68,0.0,0.0,Spring,No Holiday,Yes
2026-05-08,754,17,9.6,41,6.2,1294,0.18,0.0,0.0,Spring,No Holiday,Yes
2026-05-09,1003,23,14.3,68,3.3,710,2.59,0.0,0.0,Spring,No Holiday,Yes
2026-05-10,938,3,12.0,20,5.6,556,2.0,0.0,0.0,Spring,No Holiday,Yes
2026-05-11,1104,15,17.0,26,7.3,1077,2.53,0.0,0.0,Spring,No Holiday,Yes
2026-05-12,816,4,18.5,41,2.1,449,2.75,0.0,0.0,Spring,Holiday,Yes
2026-05-13,925,1,16.6,48,2.7,1325,1.15,0.0,0.0,Spring,No Holiday,Yes
2026-05-14,508,9,9.6,70,5.7,904,0.35,0.0,0.0,Spring,No Holiday,Yes
2026-05-15,1286,7,14.4,28,1.0,392,3.4,0.1,0.0,Spring,No Holiday,Yes
2026-05-16,995,21,20.5,61,2.3,1796,1.02,0.0,0.0,Spring,No Holiday,Yes
2026-05-17,1062,0,9.3,61,5.5,1057,2.63,0.0,0.0,Spring,No Holiday,Yes
2026-05-18,546,4,14.0,25,1.4,873,1.08,0.0,0.0,Spring,Holiday,Yes
2026-05-19,916,4,15.2,48,0.6,1726,1.9,0.0,0.0,Spring,No Holiday,Yes
2026-05-20,661,17,8.1,63,4.6,1163,1.97,0.3,0.0,Spring,No Holiday,Yes
2026-05-21,762,14,14.3,52,5.8,1736,0.71,0.0,0.0,Spring,No Holiday,Yes
2026-05-22,1155,0,11.8,39,1.7,1663,2.29,0.0,0.0,Spring,No Holiday,Yes
2026-05-23,1156,17,18.8,54,1.2,1095,1.95,0.0,0.0,Spring,No Holiday,Yes
2026-05-24,1180,23,18.3,54,6.1,1934,1.72,0.0,0.0,Spring,No Holiday,Yes
2026-05-25,932,8,20.7,40,1.4,678,0.13,0.2,0.0,Spring,No Holiday,Yes
2026-05-26,758,10,9.9,75,6.5,1957,1.11,0.0,0.0,Spring,No Holiday,Yes
2026-05-27,1262,0,13.3,48,1.4,818,2.89,0.0,0.0,Spring,No Holiday,Yes
2026-05-28,1148,13,19.7,32,3.9,706,2.01,0.0,0.0,Spring,No Holiday,Yes
2026-05-29,1058,10,15.9,87,4.9,1649,2.16,0.0,0.0,Spring,No Holiday,Yes
2026-05-30,979,17,8.6,51,5.1,684,3.31,0.0,0.0,Spring,No Holiday,Yes
2026-05-31,1015,2,12.7,24,6.2,1450,2.58,0.0,0.0,Spring,No Holiday,Yes
2026-06-01,1475,11,34.6,69,3.3,1688,1.2,0.3,0.0,Summer,No Holiday,Yes
2026-06-02,1366,23,34.2,66,3.3,1736,1.06,0.0,0.0,Summer,No Holiday,Yes
2026-06-03,1262,5,31.5,67,4.5,834,1.93,0.0,0.0,Summer,No Holiday,Yes
2026-06-04,1180,14,31.6,24,4.8,1401,0.66,0.2,0.0,Summer,No Holiday,Yes
2026-06-05,1619,1,31.4,40,4.1,1381,3.24,0.0,0.0,Summer,No Holiday,Yes
2026-06-06,544,18,23.4,84,0.9,700,0.95,0.0,0.0,Summer,Holiday,Yes
2026-06-07,1432,16,22.1,32,2.0,1832,2.33,0.0,0.0,Summer,No Holiday,Yes
2026-06-08,1306,8,34.8,40,1.5,1762,1.22,0.0,0.0,Summer,No Holiday,Yes
2026-06-09,1664,12,35.7,22,7.5,374,1.71,0.6,0.0,Summer,No Holiday,Yes
2026-06-10,782,3,23.1,85,2.2,925,0.7,0.7,0.0,Summer,No Holiday,Yes
2026-06-11,1483,0,29.4,77,2.5,590,2.41,0.0,0.0,Summer,No Holiday,Yes
2026-06-12,1445,18,27.4,81,3.3,1437,3.37,1.7,0.0,Summer,No Holiday,Yes
2026-06-13,1530,12,32.3,74,6.7,899,3.33,0.0,0.0,Summer,No Holiday,Yes
2026-06-14,1073,13,24.9,81,6.3,1288,1.83,0.0,0.0,Summer,No Holiday,Yes
2026-06-15,1688,1,30.1,31,3.7,1915,3.0,0.0,0.0,Summer,No Holiday,Yes
2026-06-16,1103,22,36.8,91,3.4,1937,0.01,0.0,0.0,Summer,No Holiday,Yes
2026-06-17,997,6,32.5,94,2.5,1741,0.18,1.9,0.0,Summer,No Holiday,Yes
2026-06-18,1391,1,32.9,88,3.2,1474,2.09,0.0,0.0,Summer,No Holiday,Yes
2026-06-19,1624,16,36.9,95,6.5,1150,2.3,0.0,0.0,Summer,No Holiday,Yes
2026-06-20,1363,10,24.7,69,4.5,1139,3.13,0.0,0.0,Summer,No Holiday,Yes
2026-06-21,1403,15,25.2,38,2.9,873,2.38,0.0,0.0,Summer,No Holiday,Yes
2026-06-22,1288,15,23.3,23,7.2,1622,2.22,0.0,0.0,Summer,No Holiday,Yes
2026-06-23,1102,3,26.5,21,6.5,706,0.14,0.4,0.0,Summer,No Holiday,Yes
2026-06-24,1504,3,32.0,48,6.3,1323,1.75,2.3,0.0,Summer,No Holiday,Yes
2026-06-25,1215,8,24.2,73,5.6,1452,2.65,0.0,0.0,Summer,No Holiday,Yes
2026-06-26,1435,17,29.1,32,0.6,1116,2.11,0.0,0.0,Summer,No Holiday,Yes
2026-06-27,1139,0,23.4,41,3.0,1706,0.51,0.0,0.0,Summer,No Holiday,Yes
2026-06-28,1254,1,25.8,26,7.4,870,1.92,0.0,0.0,Summer,No Holiday,Yes
2026-06-29,1176,10,26.1,88,7.3,1845,1.27,0.0,0.0,Summer,No Holiday,Yes
2026-06-30,1281,23,36.9,77,1.8,1614,0.65,0.0,0.0,Summer,No Holiday,Yes
2026-07-01,1201,4,28.9,23,4.8,561,0.2,3.7,0.0,Summer,No Holiday,Yes
2026-07-02,1193,8,26.8,77,1.2,943,2.55,0.0,0.0,Summer,No Holiday,Yes
2026-07-03,1430,14,37.9,57,5.4,1483,0.3,0.0,0.0,Summer,No Holiday,Yes
2026-07-04,1117,20,33.3,85,3.1,1453,0.28,0.6,0.0,Summer,No Holiday,Yes
2026-07-05,1002,16,28.5,21,3.8,988,0.71,0.0,0.0,Summer,Holiday,Yes
2026-07-06,1240,10,32.9,83,5.1,654,1.68,0.0,0.0,Summer,No Holiday,Yes
2026-07-07,0,5,27.2,50,2.4,1388,1.2,0.0,0.0,Summer,Holiday,No
2026-07-08,1388,12,27.1,55,5.9,1880,1.98,0.0,0.0,Summer,No Holiday,Yes
2026-07-09,1295,16,29.5,28,5.4,511,0.68,0.0,0.0,Summer,No Holiday,Yes
2026-07-10,1271,22,27.7,68,4.1,734,1.86,0.0,0.0,Summer,No Holiday,Yes
2026-07-11,1446,18,32.6,40,2.6,1588,1.05,0.0,0.0,Summer,No Holiday,Yes
2026-07-12,1013,9,26.6,46,4.5,582,0.06,0.0,0.0,Summer,No Holiday,Yes
2026-07-13,1483,22,33.5,34,1.8,1061,1.72,0.0,0.0,Summer,No Holiday,Yes
2026-07-14,1237,5,32.6,50,0.7,1844,1.23,0.0,0.0,Summer,No Holiday,Yes
2026-07-15,1540,18,34.3,72,4.0,1140,2.18,0.0,0.0,Summer,No Holiday,Yes
2026-07-16,1119,3,29.1,78,4.0,358,0.47,0.0,0.0,Summer,No Holiday,Yes
2026-07-17,1555,14,23.8,39,4.9,668,2.87,0.0,0.0,Summer,No Holiday,Yes
2026-07-18,952,5,22.2,75,4.9,621,0.26,0.0,0.0,Summer,No Holiday,Yes
2026-07-19,1271,22,35.3,67,6.1,435,0.36,0.0,0.0,Summer,No Holiday,Yes
2026-07-20,1461,22,33.7,62,2.1,1117,2.14,0.5,0.0,Summer,No Holiday,Yes
2026-07-21,1374,1,28.3,88,4.3,1085,3.07,0.0,0.0,Summer,No Holiday,Yes
2026-07-22,1373,1,22.8,54,5.4,507,2.43,0.0,0.0,Summer,No Holiday,Yes
2026-07-23,1512,7,34.0,40,1.6,1329,1.83,1.0,0.0,Summer,No Holiday,Yes
2026-07-24,1344,3,26.3,27,2.7,539,1.86,0.5,0.0,Summer,No Holiday,Yes
2026-07-25,1217,19,24.7,83,0.7,1759,1.81,0.0,0.0,Summer,No Holiday,Yes
2026-07-26,1218,19,22.4,43,6.3,1386,1.29,0.0,0.0,Summer,No Holiday,Yes
2026-07-27,988,0,26.2,65,6.2,501,0.31,0.2,0.0,Summer,No Holiday,Yes
2026-07-28,1138,15,22.3,63,1.8,680,1.13,0.0,0.0,Summer,No Holiday,Yes
2026-07-29,1047,22,25.3,68,2.8,426,0.73,0.0,0.0,Summer,No Holiday,Yes
2026-07-30,1100,0,25.8,88,1.5,474,0.71,0.0,0.0,Summer,No Holiday,Yes
2026-07-31,910,9,30.9,92,1.3,592,0.07,0.0,0.0,Summer,No Holiday,Yes
2026-08-01,1366,8,27.4,24,3.2,769,2.25,0.0,0.0,Summer,No Holiday,Yes
2026-08-02,1214,19,33.4,65,1.6,917,0.02,0.0,0.0,Summer,No Holiday,Yes
2026-08-03,1970,16,37.7,30,5.5,1725,3.35,0.0,0.0,Summer,No Holiday,Yes
2026-08-04,1229,21,27.6,61,4.5,1174,0.56,0.0,0.0,Summer,No Holiday,Yes
2026-08-05,1478,6,37.5,37,4.2,1786,1.09,0.0,0.0,Summer,No Holiday,Yes
2026-08-06,1058,19,24.3,20,5.6,1423,0.95,1.7,0.0,Summer,No Holiday,Yes
2026-08-07,0,4,23.0,56,6.6,1210,0.03,0.0,0.0,Summer,Holiday,No
2026-08-08,1539,23,37.2,47,1.2,1174,0.7,0.0,0.0,Summer,No Holiday,Yes
2026-08-09,1168,3,32.7,76,7.1,1144,0.99,0.0,0.0,Summer,No Holiday,Yes
2026-08-10,1737,5,32.7,74,5.0,1992,3.38,0.0,0.0,Summer,No Holiday,Yes
2026-08-11,1251,15,22.4,64,4.3,1986,2.14,0.0,0.0,Summer,No Holiday,Yes
2026-08-12,1480,12,30.2,35,3.5,1800,2.03,0.0,0.0,Summer,No Holiday,Yes
2026-08-13,1284,23,33.2,44,1.1,1715,0.83,0.2,0.0,Summer,No Holiday,Yes
2026-08-14,1280,2,30.3,65,7.4,1637,1.24,0.0,0.0,Summer,No Holiday,Yes
2026-08-15,1458,3,23.3,32,1.8,985,2.4,0.0,0.0,Summer,No Holiday,Yes
2026-08-16,1475,17,33.9,86,6.7,1818,2.23,0.0,0.0,Summer,No Holiday,Yes
2026-08-17,1286,7,29.0,77,3.2,1376,2.9,0.0,0.0,Summer,No Holiday,Yes
2026-08-18,1232,2,23.8,20,3.2,1261,2.2,0.0,0.0,Summer,No Holiday,Yes
2026-08-19,1486,17,25.8,27,5.8,453,1.87,0.0,0.0,Summer,No Holiday,Yes
2026-08-20,1083,9,23.5,68,0.5,1707,1.34,0.0,0.0,Summer,No Holiday,Yes
2026-08-21,1583,19,38.0,49,7.2,1270,1.99,1.0,0.0,Summer,No Holiday,Yes
2026-08-22,1623,16,36.6,60,4.1,508,1.97,0.0,0.0,Summer,No Holiday,Yes
2026-08-23,1028,13,22.6,68,4.9,1273,0.53,0.5,0.0,Summer,No Holiday,Yes
2026-08-24,1284,4,25.8,30,0.9,1193,0.69,0.6,0.0,Summer,No Holiday,Yes
2026-08-25,1403,19,32.3,35,5.9,716,2.07,0.6,0.0,Summer,No Holiday,Yes
2026-08-26,1429,3,32.0,64,1.2,1127,2.98,0.3,0.0,Summer,No Holiday,Yes
2026-08-27,1493,15,33.1,37,1.0,732,1.37,0.0,0.0,Summer,No Holiday,Yes
2026-08-28,1129,20,22.9,29,4.5,1641,0.36,2.3,0.0,Summer,No Holiday,Yes
2026-08-29,0,18,29.3,31,4.6,478,3.31,0.0,0.0,Summer,Holiday,No
2026-08-30,1372,19,36.4,64,1.0,1472,1.96,0.0,0.0,Summer,No Holiday,Yes
2026-08-31,1329,11,23.9,71,7.4,1176,3.21,0.0,0.0,Summer,No Holiday,Yes
2026-09-01,858,14,18.5,40,2.1,1256,0.14,0.7,0.0,Autumn,No Holiday,Yes
2026-09-02,0,11,10.4,48,4.3,406,1.56,0.0,0.0,Autumn,Holiday,No
2026-09-03,902,20,11.6,88,4.8,1406,2.48,0.4,0.0,Autumn,No Holiday,Yes
2026-09-04,1243,14,15.7,84,5.9,1680,3.45,0.0,0.0,Autumn,No Holiday,Yes
2026-09-05,841,1,14.8,47,6.5,830,1.64,0.4,0.0,Autumn,No Holiday,Yes
2026-09-06,1293,8,19.1,95,7.2,964,3.44,0.0,0.0,Autumn,No Holiday,Yes
2026-09-07,0,23,18.4,86,1.5,1946,2.34,0.0,0.0,Autumn,Holiday,No
2026-09-08,1001,14,21.4,91,1.5,832,0.61,0.0,0.0,Autumn,No Holiday,Yes
2026-09-09,0,9,13.1,25,6.1,1451,2.88,0.0,0.0,Autumn,Holiday,No
2026-09-10,1260,13,18.0,31,6.8,1590,1.86,0.0,0.0,Autumn,No Holiday,Yes
2026-09-11,1245,5,15.1,37,2.8,1381,3.29,0.1,0.0,Autumn,No Holiday,Yes
2026-09-12,985,23,20.4,57,3.0,1842,1.3,0.3,0.0,Autumn,No Holiday,Yes
2026-09-13,719,21,18.4,81,4.2,1775,0.7,0.0,0.0,Autumn,No Holiday,Yes
2026-09-14,763,16,22.9,66,0.6,1765,1.15,0.0,0.0,Autumn,Holiday,Yes
2026-09-15,1057,22,16.5,24,4.9,839,1.08,0.2,0.0,Autumn,No Holiday,Yes
2026-09-16,1248,18,22.2,77,6.9,1857,2.46,0.0,0.0,Autumn,No Holiday,Yes
2026-09-17,1130,23,17.8,78,1.9,1740,3.24,0.0,0.0,Autumn,No Holiday,Yes
2026-09-18,678,18,15.4,92,6.2,690,2.89,0.5,0.0,Autumn,Holiday,Yes
2026-09-19,744,20,18.1,79,2.3,1980,0.88,0.0,0.0,Autumn,No Holiday,Yes
2026-09-20,890,9,10.9,66,6.0,601,3.02,0.0,0.0,Autumn,No Holiday,Yes
2026-09-21,899,4,23.5,94,2.3,947,1.52,0.0,0.0,Autumn,No Holiday,Yes
2026-09-22,826,1,16.6,87,6.5,441,0.44,0.0,0.0,Autumn,No Holiday,Yes
2026-09-23,992,19,22.1,88,3.4,704,0.58,1.0,0.0,Autumn,No Holiday,Yes
2026-09-24,1049,7,17.6,23,4.6,431,2.17,0.0,0.0,Autumn,No Holiday,Yes
2026-09-25,1134,0,19.0,83,4.4,1546,2.27,0.9,0.0,Autumn,No Holiday,Yes
2026-09-26,1335,10,21.7,88,1.7,320,3.06,0.0,0.0,Autumn,No Holiday,Yes
2026-09-27,1224,12,23.2,40,2.8,1115,1.91,0.1,0.0,Autumn,No Holiday,Yes
2026-09-28,722,0,16.5,79,1.9,1448,0.36,0.0,0.0,Autumn,No Holiday,Yes
2026-09-29,987,6,13.4,75,3.5,373,2.67,0.0,0.0,Autumn,No Holiday,Yes
2026-09-30,1102,10,15.5,74,1.2,1311,3.4,0.0,0.0,Autumn,No Holiday,Yes
2026-10-01,0,1,12.4,64,4.8,1874,3.02,0.0,0.0,Autumn,Holiday,No
2026-10-02,897,23,10.1,82,1.6,1606,3.47,0.0,0.0,Autumn,No Holiday,Yes
2026-10-03,1232,19,18.4,42,3.9,742,2.11,0.0,0.0,Autumn,No Holiday,Yes
2026-10-04,458,10,11.6,92,4.2,1284,0.52,0.0,0.0,Autumn,No Holiday,Yes
2026-10-05,1239,3,16.5,22,3.9,1408,2.56,0.0,0.0,Autumn,No Holiday,Yes
2026-10-06,1044,0,12.6,63,5.8,1764,2.58,0.0,0.0,Autumn,No Holiday,Yes
2026-10-07,0,12,19.2,20,2.4,882,1.71,0.2,0.0,Autumn,Holiday,No
2026-10-08,735,13,13.1,34,7.3,1309,0.72,0.0,0.0,Autumn,No Holiday,Yes
2026-10-09,1059,6,17.0,45,5.2,980,2.61,0.7,0.0,Autumn,No Holiday,Yes
2026-10-10,997,13,10.8,33,1.1,1012,2.01,0.0,0.0,Autumn,No Holiday,Yes
2026-10-11,882,18,15.4,73,1.9,1312,1.11,0.0,0.0,Autumn,No Holiday,Yes
2026-10-12,834,11,14.1,20,7.2,1367,0.6,0.2,0.0,Autumn,No Holiday,Yes
2026-10-13,1484,3,22.5,24,2.8,1283,2.67,0.0,0.0,Autumn,No Holiday,Yes
2026-10-14,905,6,18.9,30,6.7,1992,0.65,0.8,0.0,Autumn,No Holiday,Yes
2026-10-15,1039,7,18.2,25,2.0,1183,1.19,0.0,0.0,Autumn,No Holiday,Yes
2026-10-16,836,14,15.8,59,3.7,483,1.43,0.0,0.0,Autumn,No Holiday,Yes
2026-10-17,622,1,14.6,79,4.3,516,0.25,0.0,0.0,Autumn,No Holiday,Yes
2026-10-18,923,16,11.9,57,6.3,613,2.35,0.0,0.0,Autumn,No Holiday,Yes
2026-10-19,1058,20,14.2,59,1.8,1114,3.5,0.5,0.0,Autumn,No Holiday,Yes
2026-10-20,789,10,10.5,58,2.2,488,2.04,0.0,0.0,Autumn,No Holiday,Yes
2026-10-21,699,3,12.2,84,1.5,1463,1.5,0.0,0.0,Autumn,No Holiday,Yes
2026-10-22,593,13,10.8,36,4.1,522,0.35,0.0,0.0,Autumn,No Holiday,Yes
2026-10-23,684,5,10.8,92,5.4,843,0.97,0.0,0.0,Autumn,No Holiday,Yes
2026-10-24,1391,4,23.8,68,6.0,1303,2.46,0.3,0.0,Autumn,No Holiday,Yes
2026-10-25,491,15,13.1,73,7.1,748,0.16,0.0,0.0,Autumn,No Holiday,Yes
2026-10-26,583,6,11.7,75,3.7,1118,0.73,0.0,0.0,Autumn,No Holiday,Yes
2026-10-27,1337,15,20.9,56,5.1,1539,3.33,0.0,0.0,Autumn,No Holiday,Yes
2026-10-28,1553,0,22.4,41,3.1,1431,3.38,0.0,0.0,Autumn,No Holiday,Yes
2026-10-29,976,15,23.1,79,1.7,446,1.27,0.0,0.0,Autumn,No Holiday,Yes
2026-10-30,994,12,20.8,27,6.8,1216,0.73,0.0,0.0,Autumn,No Holiday,Yes
2026-10-31,919,18,16.3,43,6.6,679,0.63,0.0,0.0,Autumn,No Holiday,Yes
2026-11-01,1068,3,13.9,33,3.3,886,1.92,0.0,0.0,Autumn,No Holiday,Yes
2026-11-02,1362,22,20.3,34,4.5,633,2.79,0.0,0.0,Autumn,No Holiday,Yes
2026-11-03,1277,9,19.1,65,4.5,1554,3.12,0.0,0.0,Autumn,No Holiday,Yes
2026-11-04,1109,18,20.7,67,2.1,1881,2.84,0.0,0.0,Autumn,No Holiday,Yes
2026-11-05,0,6,22.3,37,6.6,330,3.24,0.0,0.0,Autumn,Holiday,No
2026-11-06,1405,3,20.5,37,4.8,1154,3.33,0.0,0.0,Autumn,No Holiday,Yes
2026-11-07,934,4,13.1,57,6.7,704,2.48,0.0,0.0,Autumn,No Holiday,Yes
2026-11-08,1273,8,19.7,63,2.8,1971,3.19,0.0,0.0,Autumn,No Holiday,Yes
2026-11-09,907,4,14.9,71,1.9,1319,1.27,0.0,0.0,Autumn,No Holiday,Yes
2026-11-10,1608,8,23.9,20,1.9,414,3.13,0.0,0.0,Autumn,No Holiday,Yes
2026-11-11,750,9,11.5,56,2.9,1232,1.17,0.0,0.0,Autumn,No Holiday,Yes
2026-11-12,907,3,14.7,45,1.0,1933,0.96,0.0,0.0,Autumn,No Holiday,Yes
2026-11-13,1304,15,17.3,45,0.8,1736,2.87,0.0,0.0,Autumn,No Holiday,Yes
2026-11-14,864,7,16.1,60,3.6,1310,1.13,0.2,0.0,Autumn,No Holiday,Yes
2026-11-15,1146,17,21.1,86,3.5,1726,3.43,0.2,0.0,Autumn,No Holiday,Yes
2026-11-16,835,2,20.0,82,7.0,1633,0.26,0.0,0.0,Autumn,No Holiday,Yes
2026-11-17,1158,9,20.8,25,3.7,1363,0.85,0.5,0.0,Autumn,No Holiday,Yes
2026-11-18,907,21,23.8,85,1.7,1612,1.15,0.0,0.0,Autumn,No Holiday,Yes
2026-11-19,1081,2,12.9,49,7.1,1713,2.18,0.0,0.0,Autumn,No Holiday,Yes
2026-11-20,712,10,20.6,91,5.9,540,0.5,0.0,0.0,Autumn,No Holiday,Yes
2026-11-21,971,21,14.6,86,4.0,567,3.06,0.0,0.0,Autumn,No Holiday,Yes
2026-11-22,618,9,17.5,89,1.6,338,2.33,0.6,0.0,Autumn,Holiday,Yes
2026-11-23,1211,8,14.4,62,5.7,912,3.44,0.0,0.0,Autumn,No Holiday,Yes
2026-11-24,822,10,20.8,76,2.0,780,0.08,0.0,0.0,Autumn,No Holiday,Yes
2026-11-25,977,2,21.5,82,1.6,897,1.65,0.8,0.0,Autumn,No Holiday,Yes
2026-11-26,890,6,15.4,47,1.5,717,0.49,0.0,0.0,Autumn,No Holiday,Yes
2026-11-27,997,2,22.9,62,2.8,1315,1.12,2.4,0.0,Autumn,No Holiday,Yes
2026-11-28,1174,20,13.9,25,3.4,1701,1.7,0.0,0.0,Autumn,No Holiday,Yes
2026-11-29,960,21,18.8,68,3.9,1673,2.08,0.0,0.0,Autumn,No Holiday,Yes
2026-11-30,1155,18,21.5,78,4.4,1419,1.75,0.0,0.0,Autumn,No Holiday,Yes
2026-12-01,622,11,-5.3,50,5.2,1386,3.14,0.0,0.0,Winter,No Holiday,Yes
2026-12-02,0,17,-4.0,62,4.2,1874,0.23,0.1,0.9,Winter,Holiday,No
2026-12-03,759,7,-0.4,24,7.2,1541,2.64,0.8,0.0,Winter,No Holiday,Yes
2026-12-04,575,16,-5.4,87,6.1,1352,3.36,0.0,0.0,Winter,No Holiday,Yes
2026-12-05,101,5,-7.5,92,1.4,1932,0.88,0.0,0.0,Winter,No Holiday,Yes
2026-12-06,1006,11,4.0,43,4.3,1137,2.88,0.2,0.0,Winter,No Holiday,Yes
2026-12-07,729,11,2.0,27,0.8,382,1.67,0.0,0.0,Winter,No Holiday,Yes
2026-12-08,0,16,-6.8,60,4.9,961,0.44,0.1,0.1,Winter,Holiday,No
2026-12-09,0,19,5.2,59,6.1,1544,2.39,0.0,0.0,Winter,Holiday,No
2026-12-10,853,5,-1.0,71,6.9,858,3.12,0.0,0.8,Winter,No Holiday,Yes
2026-12-11,738,16,1.4,36,2.3,1428,3.06,0.6,0.0,Winter,No Holiday,Yes
2026-12-12,487,10,-0.8,79,6.5,1173,1.18,0.2,0.0,Winter,No Holiday,Yes
2026-12-13,29,19,-7.1,80,5.3,1257,0.1,0.0,0.0,Winter,No Holiday,Yes
2026-12-14,358,0,-7.3,41,1.6,854,0.21,0.1,0.0,Winter,No Holiday,Yes
2026-12-15,639,12,-2.2,73,6.1,895,2.79,0.0,0.0,Winter,No Holiday,Yes
2026-12-16,994,0,5.3,56,0.7,599,2.94,0.0,0.0,Winter,No Holiday,Yes
2026-12-17,427,14,-3.9,74,6.9,816,1.47,0.0,0.0,Winter,No Holiday,Yes
2026-12-18,801,16,7.7,41,6.4,1744,2.02,0.0,0.0,Winter,No Holiday,Yes
2026-12-19,473,2,-5.4,49,3.1,318,2.2,0.0,0.0,Winter,No Holiday,Yes
2026-12-20,875,8,5.5,37,7.0,547,2.9,0.0,0.0,Winter,No Holiday,Yes
2026-12-21,425,0,-1.2,74,6.0,563,0.76,0.1,0.4,Winter,No Holiday,Yes
2026-12-22,447,14,-5.5,55,2.9,1590,2.85,0.0,0.0,Winter,Holiday,Yes
2026-12-23,839,10,4.9,43,1.5,916,2.3,0.0,0.0,Winter,No Holiday,Yes
2026-12-24,249,12,-7.0,33,7.5,571,0.09,0.1,0.0,Winter,No Holiday,Yes
2026-12-25,730,10,1.8,65,1.5,869,1.63,0.0,0.0,Winter,No Holiday,Yes
2026-12-26,971,11,5.4,66,3.1,1612,3.14,0.6,0.0,Winter,No Holiday,Yes
2026-12-27,160,10,-9.7,52,1.0,1533,0.56,0.0,0.0,Winter,No Holiday,Yes
2026-12-28,556,20,-1.0,68,2.2,1836,1.46,1.4,0.0,Winter,No Holiday,Yes
2026-12-29,453,4,-5.1,36,2.3,519,1.34,0.0,2.2,Winter,No Holiday,Yes
2026-12-30,387,13,4.7,69,4.2,1909,0.33,1.0,0.0,Winter,No Holiday,Yes
2026-12-31,782,13,3.4,73,4.7,1152,2.84,0.0,0.0,Winter,No Holiday,Yes
2027-01-01,772,10,2.9,68,5.1,1660,2.69,0.0,0.0,Winter,No Holiday,Yes
2027-01-02,241,19,-5.8,51,4.4,1223,0.9,0.0,0.0,Winter,No Holiday,Yes
2027-01-03,497,9,2.8,86,3.5,789,0.68,0.0,0.0,Winter,No Holiday,Yes
2027-01-04,499,0,-4.6,61,1.2,1898,1.91,0.0,0.0,Winter,No Holiday,Yes
2027-01-05,700,21,-7.4,47,3.4,577,3.3,0.1,0.0,Winter,No Holiday,Yes
2027-01-06,567,10,-3.5,65,6.1,1965,1.54,0.0,0.1,Winter,No Holiday,Yes
2027-01-07,899,19,3.9,73,2.0,1595,2.56,0.0,0.0,Winter,No Holiday,Yes
2027-01-08,475,1,-5.2,35,1.7,441,1.68,0.0,0.0,Winter,No Holiday,Yes
2027-01-09,589,6,-9.0,48,7.4,592,3.28,0.0,0.0,Winter,No Holiday,Yes
2027-01-10,266,0,-4.0,76,1.8,418,0.83,0.0,0.3,Winter,No Holiday,Yes
2027-01-11,335,7,-2.0,45,0.8,1892,0.94,0.0,0.4,Winter,No Holiday,Yes
2027-01-12,0,12,-3.7,42,3.9,1163,1.07,0.0,0.0,Winter,Holiday,No
2027-01-13,446,11,1.9,86,5.3,1505,1.99,0.0,0.0,Winter,No Holiday,Yes
2027-01-14,479,0,-6.6,52,6.9,853,1.25,0.0,0.0,Winter,No Holiday,Yes
2027-01-15,455,23,-2.1,67,2.3,473,0.83,0.0,0.0,Winter,No Holiday,Yes
2027-01-16,319,19,-4.4,73,2.8,1627,0.94,0.0,0.0,Winter,No Holiday,Yes
2027-01-17,424,4,-1.3,83,0.6,1565,1.07,0.5,0.0,Winter,No Holiday,Yes
2027-01-18,502,7,-0.1,90,3.7,448,1.81,0.2,0.0,Winter,No Holiday,Yes
2027-01-19,502,18,7.9,89,6.8,541,1.3,0.0,0.0,Winter,No Holiday,Yes
2027-01-20,260,4,-8.2,71,6.9,970,0.51,0.6,0.0,Winter,No Holiday,Yes
2027-01-21,669,5,8.0,23,2.1,639,0.49,0.0,0.0,Winter,No Holiday,Yes
2027-01-22,690,5,-9.7,42,6.5,1487,2.98,0.4,0.0,Winter,No Holiday,Yes
2027-01-23,273,9,-3.1,43,6.2,1059,0.58,0.0,0.0,Winter,No Holiday,Yes
2027-01-24,676,15,-7.2,28,2.6,1999,2.41,0.0,0.0,Winter,No Holiday,Yes
2027-01-25,749,0,6.6,71,2.7,965,1.15,0.8,0.0,Winter,No Holiday,Yes
2027-01-26,463,21,-0.1,86,5.5,1758,0.66,0.0,0.1,Winter,No Holiday,Yes
2027-01-27,717,19,1.3,71,5.0,1671,3.21,0.0,0.0,Winter,No Holiday,Yes
2027-01-28,670,6,-7.2,39,6.5,1678,2.44,0.8,0.0,Winter,No Holiday,Yes
2027-01-29,570,6,-8.5,35,0.6,1935,1.94,0.0,0.0,Winter,No Holiday,Yes
2027-01-30,995,3,6.5,78,4.3,596,3.31,0.6,0.0,Winter,No Holiday,Yes
2027-01-31,633,2,2.8,20,5.2,1198,0.79,0.0,0.0,Winter,No Holiday,Yes
2027-02-01,276,17,-0.2,86,6.2,744,0.58,0.0,0.0,Winter,No Holiday,Yes
2027-02-02,169,18,-5.3,49,2.6,796,0.59,0.0,0.0,Winter,No Holiday,Yes
2027-02-03,342,19,-1.5,28,3.1,1057,0.33,0.0,0.0,Winter,No Holiday,Yes
2027-02-04,629,22,3.4,80,0.8,1662,1.69,0.0,0.0,Winter,No Holiday,Yes
2027-02-05,185,16,-4.4,67,5.5,1541,0.33,0.0,2.4,Winter,No Holiday,Yes
2027-02-06,809,22,5.2,38,6.1,573,1.51,0.0,0.0,Winter,No Holiday,Yes
2027-02-07,785,20,-5.0,51,4.8,1997,3.46,0.0,0.3,Winter,No Holiday,Yes
2027-02-08,230,4,-1.2,57,3.0,1268,0.45,0.0,0.0,Winter,No Holiday,Yes
2027-02-09,812,15,6.6,44,4.0,1078,2.1,0.0,0.0,Winter,No Holiday,Yes
2027-02-10,12,19,-7.1,85,6.3,989,0.41,0.0,0.0,Winter,No Holiday,Yes
2027-02-11,715,19,0.4,25,2.1,1966,2.93,0.0,0.1,Winter,Holiday,Yes
2027-02-12,424,2,-5.0,30,2.6,1427,0.23,0.0,0.0,Winter,No Holiday,Yes
2027-02-13,152,12,4.2,85,1.6,1142,0.17,0.0,0.0,Winter,Holiday,Yes
2027-02-14,240,16,-6.7,93,4.4,1143,2.13,0.0,0.0,Winter,No Holiday,Yes
2027-02-15,824,20,-2.0,55,4.4,1325,3.14,0.2,0.3,Winter,No Holiday,Yes
2027-02-16,550,22,-8.2,41,5.6,366,2.39,0.0,0.0,Winter,No Holiday,Yes
2027-02-17,646,23,1.8,48,1.5,1474,2.63,0.0,0.1,Winter,No Holiday,Yes
2027-02-18,154,11,-4.2,88,5.3,1095,0.78,0.0,0.0,Winter,No Holiday,Yes
2027-02-19,556,7,-5.0,30,4.7,1403,1.68,0.6,0.0,Winter,No Holiday,Yes
2027-02-20,119,23,-6.2,69,7.1,1991,0.75,0.0,0.0,Winter,No Holiday,Yes
2027-02-21,180,4,-9.7,76,5.8,1523,1.51,0.0,0.7,Winter,No Holiday,Yes
2027-02-22,719,15,-4.2,22,2.2,921,2.92,0.5,0.3,Winter,No Holiday,Yes
2027-02-23,1115,0,5.3,29,6.3,1245,2.98,0.1,0.0,Winter,No Holiday,Yes
2027-02-24,1062,7,6.7,55,5.1,1187,3.2,0.0,0.0,Winter,No Holiday,Yes
2027-02-25,550,20,0.3,70,4.7,1316,1.18,0.0,0.0,Winter,No Holiday,Yes
2027-02-26,611,3,-0.4,27,4.2,1931,0.43,0.0,0.0,Winter,No Holiday,Yes
2027-02-27,756,6,3.7,77,5.3,369,3.33,0.0,0.0,Winter,No Holiday,Yes
2027-02-28,429,14,-10.0,84,1.2,351,3.38,0.0,0.5,Winter,No Holiday,Yes
2027-03-01,875,18,15.6,95,0.9,720,2.09,0.0,0.0,Spring,No Holiday,Yes
2027-03-02,1007,14,8.8,51,4.0,1366,3.46,0.0,0.0,Spring,No Holiday,Yes
2027-03-03,935,18,20.8,22,6.9,1532,0.21,0.0,0.0,Spring,No Holiday,Yes
2027-03-04,837,8,11.2,44,1.9,1498,0.26,0.0,0.0,Spring,No Holiday,Yes
2027-03-05,953,12,15.1,28,2.8,1669,1.02,0.0,0.0,Spring,No Holiday,Yes
2027-03-06,1132,5,18.2,57,6.1,438,2.84,0.0,0.0,Spring,No Holiday,Yes
2027-03-07,940,7,10.3,27,5.1,1367,1.85,0.9,0.0,Spring,No Holiday,Yes
2027-03-08,790,9,13.3,73,5.5,433,2.21,0.0,0.0,Spring,Holiday,Yes
2027-03-09,1292,17,20.1,42,5.5,1174,1.92,0.0,0.0,Spring,No Holiday,Yes
2027-03-10,915,10,8.4,54,0.6,599,2.74,0.0,0.0,Spring,No Holiday,Yes
2027-03-11,869,19,12.8,22,4.4,644,0.52,0.0,0.0,Spring,No Holiday,Yes
2027-03-12,862,9,9.8,36,7.3,918,1.06,0.0,0.0,Spring,No Holiday,Yes
2027-03-13,776,1,14.3,83,3.2,895,0.81,0.0,0.0,Spring,No Holiday,Yes
2027-03-14,899,19,19.5,54,3.4,1085,0.34,0.0,0.0,Spring,No Holiday,Yes
2027-03-15,1007,3,17.3,56,2.0,512,2.15,0.0,0.0,Spring,No Holiday,Yes
2027-03-16,667,11,8.9,57,4.8,1725,1.11,0.0,0.0,Spring,No Holiday,Yes
2027-03-17,955,5,13.7,86,1.7,1355,3.21,0.0,0.0,Spring,No Holiday,Yes
2027-03-18,1061,18,18.9,93,3.1,672,2.49,0.0,0.0,Spring,No Holiday,Yes
2027-03-19,1030,0,18.8,92,2.3,793,2.62,0.0,0.0,Spring,No Holiday,Yes
2027-03-20,780,0,9.4,46,3.1,702,1.8,0.0,0.0,Spring,No Holiday,Yes
2027-03-21,798,20,14.6,84,6.4,1669,2.0,0.0,0.0,Spring,No Holiday,Yes
2027-03-22,1000,0,15.6,67,1.7,749,1.25,0.0,0.0,Spring,No Holiday,Yes
2027-03-23,0,0,15.2,53,7.5,477,0.73,0.0,0.0,Spring,Holiday,No
2027-03-24,942,20,13.2,27,6.1,1449,0.78,0.0,0.0,Spring,No Holiday,Yes
2027-03-25,1194,7,14.5,25,7.4,1843,2.29,0.0,0.0,Spring,No Holiday,Yes
2027-03-26,605,19,13.2,79,0.6,537,3.2,0.0,0.0,Spring,Holiday,Yes
2027-03-27,1170,12,17.3,62,3.7,1846,2.41,0.0,0.0,Spring,No Holiday,Yes
2027-03-28,1166,23,19.5,62,6.2,1234,3.29,0.0,0.0,Spring,No Holiday,Yes
2027-03-29,1073,22,15.7,73,4.4,1483,3.3,0.3,0.0,Spring,No Holiday,Yes
2027-03-30,847,17,12.6,44,4.9,366,1.69,0.0,0.0,Spring,No Holiday,Yes
2027-03-31,1199,10,18.2,33,5.7,316,2.95,0.5,0.0,Spring,No Holiday,Yes
2027-04-01,0,18,13.0,71,7.4,1840,0.48,0.2,0.0,Spring,Holiday,No
2027-04-02,974,12,11.0,83,3.3,1950,2.28,0.0,0.0,Spring,No Holiday,Yes
2027-04-03,996,21,13.9,26,3.0,1575,2.38,0.0,0.0,Spring,No Holiday,Yes
2027-04-04,1139,12,17.0,67,0.5,1705,2.89,0.0,0.0,Spring,No Holiday,Yes
2027-04-05,1434,22,17.6,34,5.8,1736,3.27,0.0,0.0,Spring,No Holiday,Yes
2027-04-06,935,7,16.6,56,1.1,1948,0.88,0.1,0.0,Spring,No Holiday,Yes
2027-04-07,1199,23,10.2,34,3.3,1739,3.39,0.0,0.0,Spring,No Holiday,Yes
2027-04-08,976,19,17.8,44,2.3,962,1.39,0.0,0.0,Spring,No Holiday,Yes
2027-04-09,1082,17,10.4,52,3.2,1923,2.2,0.0,0.0,Spring,No Holiday,Yes
2027-04-10,1165,16,18.6,52,5.5,1203,3.31,0.0,0.0,Spring,No Holiday,Yes
2027-04-11,1333,6,20.0,33,6.1,1320,2.12,0.0,0.0,Spring,No Holiday,Yes
2027-04-12,1149,13,12.7,70,3.0,1204,2.8,0.0,0.0,Spring,No Holiday,Yes
2027-04-13,803,7,15.7,76,3.7,542,0.15,0.0,0.0,Spring,No Holiday,Yes
2027-04-14,898,15,12.1,42,4.0,868,1.64,0.0,0.0,Spring,No Holiday,Yes
2027-04-15,1084,16,9.1,62,2.7,1132,2.85,0.0,0.0,Spring,No Holiday,Yes
2027-04-16,716,10,11.0,74,6.6,523,1.23,0.0,0.0,Spring,No Holiday,Yes
2027-04-17,1062,19,8.4,93,4.4,1866,3.39,0.0,0.0,Spring,No Holiday,Yes
2027-04-18,528,2,8.5,51,3.5,1000,0.47,0.0,0.0,Spring,No Holiday,Yes
2027-04-19,792,19,10.7,23,4.5,1381,1.54,0.0,0.0,Spring,No Holiday,Yes
2027-04-20,866,16,18.2,51,2.8,1878,0.36,0.5,0.0,Spring,No Holiday,Yes
2027-04-21,858,4,17.2,76,5.2,1876,1.78,0.0,0.0,Spring,No Holiday,Yes
2027-04-22,751,1,8.3,55,3.8,957,1.19,0.0,0.0,Spring,No Holiday,Yes
2027-04-23,993,14,18.1,62,5.8,651,0.53,0.0,0.0,Spring,No Holiday,Yes
2027-04-24,1077,5,18.7,95,6.9,1205,2.07,0.0,0.0,Spring,No Holiday,Yes
2027-04-25,796,4,14.9,45,7.4,875,1.1,0.0,0.0,Spring,No Holiday,Yes
2027-04-26,1171,5,16.8,47,5.9,1357,2.03,0.0,0.0,Spring,No Holiday,Yes
2027-04-27,929,3,11.2,55,5.4,676,1.7,0.0,0.0,Spring,No Holiday,Yes
2027-04-28,1309,9,16.8,75,1.9,1827,3.32,0.0,0.0,Spring,No Holiday,Yes
2027-04-29,1327,19,15.9,33,3.3,1639,2.82,0.0,0.0,Spring,No Holiday,Yes
2027-04-30,975,14,20.7,90,3.8,1632,2.24,0.0,0.0,Spring,No Holiday,Yes
2027-05-01,950,6,21.3,94,3.9,1564,2.08,1.2,0.0,Spring,No Holiday,Yes
2027-05-02,635,23,9.2,77,0.7,1946,0.3,0.0,0.0,Spring,No Holiday,Yes
2027-05-03,1031,17,13.7,77,5.8,1209,2.53,0.0,0.0,Spring,No Holiday,Yes
2027-05-04,977,16,19.7,41,2.5,1123,1.19,0.0,0.0,Spring,No Holiday,Yes
2027-05-05,842,3,13.6,30,5.3,673,0.78,0.0,0.0,Spring,No Holiday,Yes
2027-05-06,610,14,11.5,44,3.7,1497,0.58,0.0,0.0,Spring,No Holiday,Yes
2027-05-07,804,14,18.0,78,4.1,1347,1.19,0.0,0.0,Spring,No Holiday,Yes
2027-05-08,780,6,8.6,80,2.1,1785,1.09,0.0,0.0,Spring,No Holiday,Yes
2027-05-09,1262,11,19.2,64,1.3,704,3.33,0.0,0.0,Spring,No Holiday,Yes
2027-05-10,1111,19,10.8,27,4.2,579,3.37,0.0,0.0,Spring,No Holiday,Yes
2027-05-11,1074,13,8.9,28,6.2,1142,1.98,0.0,0.0,Spring,No Holiday,Yes
2027-05-12,0,23,21.5,90,4.1,1622,3.4,0.3,0.0,Spring,Holiday,No
2027-05-13,0,18,8.8,86,7.4,1412,0.66,0.0,0.0,Spring,Holiday,No
2027-05-14,1166,18,15.8,25,1.7,982,2.81,0.0,0.0,Spring,No Holiday,Yes
2027-05-15,826,23,21.7,93,5.0,832,0.88,1.5,0.0,Spring,No Holiday,Yes
2027-05-16,671,20,8.6,72,2.5,1481,0.49,0.0,0.0,Spring,No Holiday,Yes
2027-05-17,963,5,9.0,74,6.2,448,2.08,0.0,0.0,Spring,No Holiday,Yes
2027-05-18,1199,8,19.3,35,1.3,1220,1.8,0.0,0.0,Spring,No Holiday,Yes
2027-05-19,887,9,13.0,69,4.8,1628,1.08,0.0,0.0,Spring,No Holiday,Yes
2027-05-20,873,5,8.3,84,0.6,674,3.29,0.0,0.0,Spring,No Holiday,Yes
2027-05-21,836,23,13.4,72,6.1,1759,0.86,0.8,0.0,Spring,No Holiday,Yes
2027-05-22,719,5,8.5,49,3.5,971,1.16,0.0,0.0,Spring,No Holiday,Yes
2027-05-23,1167,20,9.8,27,2.5,565,2.77,0.0,0.0,Spring,No Holiday,Yes
2027-05-24,992,4,9.2,34,2.2,1193,2.04,0.0,0.0,Spring,No Holiday,Yes
2027-05-25,848,5,17.3,79,3.0,366,0.8,0.0,0.0,Spring,No Holiday,Yes
2027-05-26,630,18,9.2,26,4.5,900,0.83,0.0,0.0,Spring,No Holiday,Yes
2027-05-27,931,18,21.0,71,7.4,1813,0.09,0.0,0.0,Spring,No Holiday,Yes
2027-05-28,817,1,11.6,79,4.9,349,1.29,0.1,0.0,Spring,No Holiday,Yes
2027-05-29,1127,17,14.6,38,2.9,986,3.18,0.0,0.0,Spring,No Holiday,Yes
2027-05-30,773,19,12.6,85,6.9,405,1.71,0.0,0.0,Spring,No Holiday,Yes
2027-05-31,840,18,8.3,59,5.5,1352,2.73,0.0,0.0,Spring,No Holiday,Yes
2027-06-01,1417,11,36.7,32,6.3,614,0.29,0.0,0.0,Summer,No Holiday,Yes
2027-06-02,1532,21,24.5,49,6.9,353,3.49,0.0,0.0,Summer,No Holiday,Yes
2027-06-03,1297,5,28.2,24,1.5,1678,0.97,0.0,0.0,Summer,No Holiday,Yes
2027-06-04,1218,2,29.1,81,2.0,1958,0.76,0.0,0.0,Summer,No Holiday,Yes
2027-06-05,1272,13,24.7,21,1.7,945,0.48,0.0,0.0,Summer,No Holiday,Yes
2027-06-06,1432,14,31.3,79,4.2,1240,2.67,0.0,0.0,Summer,No Holiday,Yes
2027-06-07,1331,2,28.1,39,4.6,1711,1.53,0.0,0.0,Summer,No Holiday,Yes
2027-06-08,1321,22,35.6,32,5.9,574,0.3,0.0,0.0,Summer,No Holiday,Yes
2027-06-09,1457,9,26.6,50,3.0,1187,2.08,0.5,0.0,Summer,No Holiday,Yes
2027-06-10,1399,16,37.2,64,7.5,1681,1.53,0.0,0.0,Summer,No Holiday,Yes
2027-06-11,1052,5,26.5,28,6.0,1558,1.47,0.0,0.0,Summer,Holiday,Yes
2027-06-12,1533,20,37.3,87,7.0,1940,1.75,0.3,0.0,Summer,No Holiday,Yes
2027-06-13,1412,1,36.4,62,6.0,1024,1.53,0.5,0.0,Summer,No Holiday,Yes
2027-06-14,1448,21,28.9,33,5.7,317,1.67,0.0,0.0,Summer,No Holiday,Yes
2027-06-15,1360,22,29.4,85,7.5,1426,2.78,0.0,0.0,Summer,No Holiday,Yes
2027-06-16,1260,12,23.3,76,0.7,648,3.11,0.0,0.0,Summer,No Holiday,Yes
2027-06-17,1189,6,35.6,57,6.1,1913,0.72,0.0,0.0,Summer,No Holiday,Yes
2027-06-18,1924,3,37.5,22,3.9,1262,3.13,0.1,0.0,Summer,No Holiday,Yes
2027-06-19,1631,15,37.6,42,3.4,1611,2.52,0.0,0.0,Summer,No Holiday,Yes
2027-06-20,1702,3,34.7,43,4.8,1131,2.14,0.0,0.0,Summer,No Holiday,Yes
2027-06-21,1536,0,36.0,33,1.5,755,0.83,0.0,0.0,Summer,No Holiday,Yes
2027-06-22,1255,9,34.8,67,0.5,801,1.18,0.0,0.0,Summer,No Holiday,Yes
2027-06-23,785,18,24.3,90,2.9,1218,0.52,0.0,0.0,Summer,No Holiday,Yes
2027-06-24,1404,6,26.3,44,1.9,960,2.46,0.0,0.0,Summer,No Holiday,Yes
2027-06-25,1498,19,35.4,85,4.6,1678,1.79,0.0,0.0,Summer,No Holiday,Yes
2027-06-26,1373,1,25.9,31,3.5,1920,1.19,0.0,0.0,Summer,No Holiday,Yes
2027-06-27,1707,21,37.5,64,6.3,695,3.46,0.0,0.0,Summer,No Holiday,Yes
2027-06-28,1287,4,24.7,39,2.1,1139,1.5,0.0,0.0,Summer,No Holiday,Yes
2027-06-29,1209,8,34.8,56,0.9,1319,0.01,0.0,0.0,Summer,No Holiday,Yes
2027-06-30,1328,21,33.0,77,0.7,859,1.64,0.0,0.0,Summer,No Holiday,Yes
2027-07-01,1354,18,26.6,68,4.4,1363,1.79,0.2,0.0,Summer,No Holiday,Yes
2027-07-02,1094,19,26.3,51,7.2,490,0.48,0.0,0.0,Summer,No Holiday,Yes
2027-07-03,1410,23,23.6,21,1.0,1588,3.49,0.0,0.0,Summer,No Holiday,Yes
2027-07-04,928,11,28.0,90,5.1,662,0.41,0.9,0.0,Summer,No Holiday,Yes
2027-07-05,935,4,28.1,81,0.8,1883,0.74,0.0,0.0,Summer,No Holiday,Yes
2027-07-06,1614,0,37.6,49,1.5,1444,3.09,0.0,0.0,Summer,No Holiday,Yes
2027-07-07,1317,16,23.1,23,1.5,529,2.0,0.0,0.0,Summer,No Holiday,Yes
2027-07-08,1115,13,23.2,71,1.5,722,1.15,0.0,0.0,Summer,No Holiday,Yes
2027-07-09,1173,17,23.6,91,5.6,1479,1.71,0.0,0.0,Summer,No Holiday,Yes
2027-07-10,1114,0,27.1,50,3.7,537,0.94,0.0,0.0,Summer,No Holiday,Yes
2027-07-11,1725,1,37.0,30,3.1,1295,2.58,0.0,0.0,Summer,No Holiday,Yes
2027-07-12,1009,17,24.1,50,2.3,1072,0.55,0.0,0.0,Summer,No Holiday,Yes
2027-07-13,1653,20,33.7,67,2.7,630,3.02,0.0,0.0,Summer,No Holiday,Yes
2027-07-14,1614,17,35.7,63,2.4,1982,3.01,0.0,0.0,Summer,No Holiday,Yes
2027-07-15,1204,13,22.8,93,1.3,1442,2.58,0.3,0.0,Summer,No Holiday,Yes
2027-07-16,1162,5,25.2,32,2.1,1661,0.94,0.0,0.0,Summer,No Holiday,Yes
2027-07-17,1442,13,32.1,44,4.4,1342,2.41,0.0,0.0,Summer,No Holiday,Yes
2027-07-18,1152,8,29.2,66,3.7,920,0.68,0.0,0.0,Summer,No Holiday,Yes
2027-07-19,1326,14,36.5,77,4.6,927,1.01,0.0,0.0,Summer,No Holiday,Yes
2027-07-20,1545,1,36.8,47,7.0,309,2.3,0.0,0.0,Summer,No Holiday,Yes
2027-07-21,1670,23,37.9,21,4.6,1024,1.09,0.0,0.0,Summer,No Holiday,Yes
2027-07-22,1265,10,35.2,41,0.6,684,0.73,0.0,0.0,Summer,No Holiday,Yes
2027-07-23,1170,20,28.0,20,6.3,1560,0.01,0.0,0.0,Summer,No Holiday,Yes
2027-07-24,1254,15,27.4,87,0.9,878,2.11,0.0,0.0,Summer,No Holiday,Yes
2027-07-25,1473,19,34.5,38,5.8,1203,0.94,0.6,0.0,Summer,No Holiday,Yes
2027-07-26,1138,15,24.4,72,2.0,770,2.44,0.0,0.0,Summer,No Holiday,Yes
2027-07-27,1180,9,27.1,55,7.2,1826,0.84,0.0,0.0,Summer,No Holiday,Yes
2027-07-28,1415,16,36.9,67,7.3,1775,1.76,0.3,0.0,Summer,No Holiday,Yes
2027-07-29,1372,10,34.5,63,4.3,1490,0.53,0.0,0.0,Summer,No Holiday,Yes
2027-07-30,1383,12,30.7,62,4.1,1645,2.38,0.0,0.0,Summer,No Holiday,Yes
2027-07-31,1463,4,35.5,47,2.3,1896,1.3,0.0,0.0,Summer,No Holiday,Yes
2027-08-01,1613,5,37.6,68,0.8,1736,2.97,0.0,0.0,Summer,No Holiday,Yes
2027-08-02,1405,4,31.2,43,0.8,1751,2.35,0.0,0.0,Summer,No Holiday,Yes
2027-08-03,934,3,22.0,90,1.7,1691,0.23,0.3,0.0,Summer,No Holiday,Yes
2027-08-04,1446,7,35.1,37,6.6,1616,2.17,0.0,0.0,Summer,No Holiday,Yes
2027-08-05,1336,2,30.8,43,6.2,1940,0.42,0.5,0.0,Summer,No Holiday,Yes
2027-08-06,1261,9,35.1,85,1.9,1136,0.98,0.0,0.0,Summer,No Holiday,Yes
2027-08-07,870,6,25.1,44,3.5,981,0.08,0.0,0.0,Summer,No Holiday,Yes
2027-08-08,1318,3,24.9,92,3.6,1663,2.16,0.0,0.0,Summer,No Holiday,Yes
2027-08-09,1462,16,28.7,51,4.3,634,2.07,0.9,0.0,Summer,No Holiday,Yes
2027-08-10,1423,12,32.8,51,1.6,1291,2.12,0.0,0.0,Summer,No Holiday,Yes
2027-08-11,1460,19,32.7,23,0.9,402,0.86,0.0,0.0,Summer,No Holiday,Yes
2027-08-12,1400,7,35.5,52,6.8,1141,1.26,0.0,0.0,Summer,No Holiday,Yes
2027-08-13,1529,16,38.0,93,1.1,332,2.69,0.3,0.0,Summer,No Holiday,Yes
2027-08-14,0,17,27.7,52,7.2,1906,2.42,0.0,0.0,Summer,Holiday,No
2027-08-15,1592,6,34.1,66,2.4,528,2.08,0.0,0.0,Summer,No Holiday,Yes
2027-08-16,1306,11,33.7,55,2.9,1146,1.2,0.0,0.0,Summer,No Holiday,Yes
2027-08-17,1441,9,31.9,69,6.3,903,2.76,0.1,0.0,Summer,No Holiday,Yes
2027-08-18,1722,6,31.5,37,6.2,1366,2.96,0.0,0.0,Summer,No Holiday,Yes
2027-08-19,1286,6,37.0,37,1.8,613,0.53,0.0,0.0,Summer,No Holiday,Yes
2027-08-20,1009,2,23.7,70,2.3,995,1.69,0.0,0.0,Summer,No Holiday,Yes
2027-08-21,1725,10,35.8,66,0.9,633,3.04,0.3,0.0,Summer,No Holiday,Yes
2027-08-22,847,23,22.9,79,5.9,1647,1.0,0.0,0.0,Summer,No Holiday,Yes
2027-08-23,1722,3,30.5,48,5.0,1148,3.31,0.0,0.0,Summer,No Holiday,Yes
2027-08-24,1210,0,23.4,74,4.5,1403,1.99,2.6,0.0,Summer,No Holiday,Yes
2027-08-25,1279,21,27.3,81,4.7,429,1.7,0.0,0.0,Summer,No Holiday,Yes
2027-08-26,0,12,32.7,66,1.9,780,2.98,0.0,0.0,Summer,Holiday,No
2027-08-27,1172,16,29.4,46,6.0,1624,1.2,0.0,0.0,Summer,No Holiday,Yes
2027-08-28,0,17,29.4,29,3.8,441,0.71,0.0,0.0,Summer,Holiday,No
2027-08-29,1772,9,35.4,23,2.1,1526,3.43,1.2,0.0,Summer,No Holiday,Yes
2027-08-30,1715,4,33.0,54,0.8,1987,2.98,0.0,0.0,Summer,No Holiday,Yes
2027-08-31,1186,13,22.8,25,6.5,1096,0.41,0.0,0.0,Summer,No Holiday,Yes
2027-09-01,835,13,10.1,22,0.7,1714,0.8,0.0,0.0,Autumn,No Holiday,Yes
2027-09-02,1282,20,20.8,84,1.1,1987,2.85,0.0,0.0,Autumn,No Holiday,Yes
2027-09-03,892,6,12.3,39,7.1,500,1.32,0.1,0.0,Autumn,No Holiday,Yes
2027-09-04,1142,13,19.8,74,2.4,984,3.46,0.0,0.0,Autumn,No Holiday,Yes
2027-09-05,1161,3,13.7,67,2.4,1588,2.73,0.0,0.0,Autumn,No Holiday,Yes
2027-09-06,915,11,15.9,68,2.8,358,1.21,0.4,0.0,Autumn,No Holiday,Yes
2027-09-07,1213,15,12.3,21,2.4,1657,2.56,0.0,0.0,Autumn,No Holiday,Yes
2027-09-08,1057,0,18.9,23,5.4,1031,1.05,0.0,0.0,Autumn,No Holiday,Yes
2027-09-09,1117,11,15.2,40,3.3,1234,2.89,0.1,0.0,Autumn,No Holiday,Yes
2027-09-10,968,15,19.8,80,1.6,1521,1.91,0.4,0.0,Autumn,No Holiday,Yes
2027-09-11,1260,11,19.7,58,0.5,1509,2.81,0.0,0.0,Autumn,No Holiday,Yes
2027-09-12,874,13,22.5,28,4.7,1454,0.08,0.0,0.0,Autumn,No Holiday,Yes
2027-09-13,1085,21,23.9,32,6.4,974,0.82,0.0,0.0,Autumn,No Holiday,Yes
2027-09-14,1310,12,17.4,34,0.5,1346,3.41,0.0,0.0,Autumn,No Holiday,Yes
2027-09-15,1226,10,12.5,46,6.2,957,3.04,0.4,0.0,Autumn,No Holiday,Yes
2027-09-16,1016,7,19.0,54,1.1,1044,1.55,0.0,0.0,Autumn,No Holiday,Yes
2027-09-17,1145,23,12.1,63,1.8,1572,2.94,0.0,0.0,Autumn,No Holiday,Yes
2027-09-18,733,5,14.6,25,3.8,1977,0.06,0.0,0.0,Autumn,No Holiday,Yes
2027-09-19,1000,7,17.8,48,1.9,404,1.43,0.0,0.0,Autumn,No Holiday,Yes
2027-09-20,1210,15,16.6,50,0.9,1107,2.19,0.0,0.0,Autumn,No Holiday,Yes
2027-09-21,1203,1,20.9,61,0.7,585,2.77,0.0,0.0,Autumn,No Holiday,Yes
2027-09-22,742,5,12.5,51,4.7,1864,1.04,0.0,0.0,Autumn,No Holiday,Yes
2027-09-23,670,4,11.3,76,4.7,722,0.58,1.1,0.0,Autumn,No Holiday,Yes
2027-09-24,1318,1,17.0,77,5.7,1423,3.19,0.6,0.0,Autumn,No Holiday,Yes
2027-09-25,1166,11,17.9,36,2.9,763,2.82,0.0,0.0,Autumn,No Holiday,Yes
2027-09-26,875,19,16.7,45,3.6,301,0.57,0.0,0.0,Autumn,No Holiday,Yes
2027-09-27,1065,3,14.4,82,2.1,804,2.01,0.0,0.0,Autumn,No Holiday,Yes
